Type,ProcessOrder,PartNumber,Batch,TECO,Vacuum,SPMDefects.PreCICDefects,Pre-CICRemoval,Pre-CICweld,Pre-CICRW,SPMDefects.VoidDefects,VoidRepair,SPMDefects.PostCICDefects,Post-CICRemoval,Post-CICweld,Post-CICRW,Post-Test (LAPSS)
Tanzanite,10201088,49505,SN0001,3,8/28/2024,1,11/20/2024,9/18/2024,9/23/2024,1,,1,,,,1/20/2025
Tanzanite,10201089,49505,SN0002,3,8/28/2024,0,,,,5,10/28/2024,0,,,,11/4/2024
Tanzanite,10201090,49505,SN0003,3,8/28/2024,0,,,,0,10/25/2024,0,,,,11/2/2024
Tanzanite,10201091,49505,SN0004,3,8/29/2024,0,,,,4,10/25/2024,0,,,,11/4/2024
Tanzanite,10201092,49505,SN0005,3,8/29/2024,0,,,,0,10/25/2024,,,,,11/2/2024
Tanzanite,10201093,49505,SN0006,3,8/29/2024,0,,,,4,10/25/2024,,,,,11/4/2024
Tanzanite,10201094,49505,SN0007,2,8/30/2024,0,,,,1,10/25/2024,,,,,5/15/2025
Tanzanite,10201095,49505,SN0008,3,8/30/2024,0,,,,3,10/25/2024,0,,,,11/4/2024
Tanzanite,10201096,49505,SN0009,3,8/30/2024,,,,,,10/25/2024,,,,,11/2/2024
Tanzanite,10201097,49505,SN0010,3,8/31/2024,0,,,,2,10/25/2024,,,,,11/4/2024
Tanzanite,10201098,49505,SN0011,3,8/31/2024,1,,,,1,10/25/2024,,11/13/2024,11/8/2024,11/11/2024,11/20/2024
Tanzanite,10201099,49505,SN0012,3,8/31/2024,0,,,,1,10/25/2024,0,,,,11/4/2024
Tanzanite,10201100,49505,SN0013,3,9/5/2024,0,,,,3,10/25/2024,,,,,11/4/2024
Tanzanite,10201101,49505,SN0014,3,9/5/2024,0,,,,0,10/25/2024,,,,,11/2/2024
Tanzanite,10201102,49505,SN0015,3,9/5/2024,1,,9/18/2024,9/20/2024,0,10/25/2024,,12/3/2024,,,11/2/2024
Tanzanite,10201103,49505,SN0016,3,9/4/2024,0,,,,2,10/25/2024,0,,,,11/4/2024
Tanzanite,10201104,49505,SN0017,3,9/4/2024,0,,,,1,10/25/2024,0,,,,11/4/2024
Tanzanite,10201105,49505,SN0018,3,9/4/2024,,,,,,10/25/2024,,,,,11/2/2024
Tanzanite,10201106,49505,SN0019,3,9/5/2024,0,,,,1,10/25/2024,,,,,11/4/2024
Tanzanite,10201107,49505,SN0020,3,9/5/2024,0,,,,2,12/3/2024,0,,,,11/4/2024
Tanzanite,10201108,49505,SN0021,3,9/5/2024,0,,,,2,10/28/2024,0,,,,11/4/2024
Tanzanite,10201109,49505,SN0022,3,9/6/2024,,,,,,12/3/2024,,,,,11/2/2024
Tanzanite,10201110,49505,SN0023,3,9/6/2024,0,,,,0,12/3/2024,0,,,,11/2/2024
Tanzanite,10201111,49505,SN0024,3,9/6/2024,0,,,,0,12/3/2024,0,,,,11/2/2024
Tanzanite,10201112,49505,SN0025,3,9/6/2024,2,,9/26/2024,9/28/2024,2,1/2/2025,0,12/4/2024,,,11/16/2024
Tanzanite,10201113,49505,SN0026,3,9/6/2024,1,,,,1,10/25/2024,0,11/15/2024,11/16/2024,11/19/2024,11/20/2024
Tanzanite,10201114,49505,SN0027,3,9/6/2024,0,,,,0,12/3/2024,,,,,11/2/2024
Tanzanite,10201115,49505,SN0028,3,9/7/2024,2,11/13/2024,9/26/2024,9/28/2024,4,12/14/2024,0,,,,1/15/2025
Tanzanite,10201116,49505,SN0029,3,9/7/2024,1,,9/18/2024,9/20/2024,3,10/25/2024,0,12/3/2024,,,11/2/2024
Tanzanite,10201117,49505,SN0030,3,9/7/2024,2,,9/18/2024,9/20/2024,0,12/3/2024,0,12/3/2024,,,11/2/2024
Tanzanite,10201118,49505,SN0031,3,9/9/2024,1,,9/26/2024,9/28/2024,1,11/9/2024,0,12/4/2024,,,11/16/2024
Tanzanite,10201119,49505,SN0032,3,9/9/2024,0,,,,3,11/7/2024,,,,,11/4/2024
Tanzanite,10201120,49505,SN0033,3,9/9/2024,0,,,,2,12/3/2024,0,,,,11/4/2024
Tanzanite,10201121,49505,SN0034,3,9/10/2024,1,,9/26/2024,9/28/2024,1,11/9/2024,0,12/4/2024,,,11/16/2024
Tanzanite,10201122,49505,SN0035,3,9/10/2024,0,,,,1,12/3/2024,0,,,,11/4/2024
Tanzanite,10201123,49505,SN0036,3,9/10/2024,,,,,,12/3/2024,,,,,11/2/2024
Tanzanite,10201124,49505,SN0037,3,9/10/2024,0,,,,0,12/3/2024,0,,,,11/4/2024
Tanzanite,10201125,49505,SN0038,3,9/20/2024,0,,,,2,11/20/2024,0,,,,11/20/2024
Tanzanite,10201126,49505,SN0039,3,9/10/2024,0,,10/7/2024,10/4/2024,5,1/2/2025,0,12/4/2024,,,11/16/2024
Tanzanite,10201127,49505,SN0040,3,9/10/2024,0,,,,0,12/3/2024,,,,,11/2/2024
Tanzanite,10201128,49505,SN0041,3,9/11/2024,0,,,,1,12/3/2024,0,,,,11/4/2024
Tanzanite,10201129,49505,SN0042,3,9/11/2024,1,,,,0,12/3/2024,,11/13/2024,10/24/2024,10/26/2024,11/4/2024
Tanzanite,10201130,49505,SN0043,3,9/11/2024,0,,,,2,12/3/2024,0,,,,11/4/2024
Tanzanite,10201131,49505,SN0044,3,9/12/2024,0,,,,1,10/25/2024,0,,,,11/4/2024
Tanzanite,10201132,49505,SN0045,3,9/12/2024,0,,,,3,10/28/2024,,,,,11/4/2024
Tanzanite,10201133,49505,SN0046,3,9/12/2024,0,,,,4,1/2/2025,0,,,,11/16/2024
Tanzanite,10201134,49505,SN0047,3,9/12/2024,0,,,,8,11/9/2024,0,,,,11/16/2024
Tanzanite,10201135,49505,SN0048,3,9/12/2024,0,,,,1,11/9/2024,0,,,,11/16/2024
Tanzanite,10201136,49505,SN0049,3,9/12/2024,0,,,,4,1/2/2025,,,,,11/16/2024
Tanzanite,10201137,49505,SN0050,3,9/14/2024,0,,,,0,1/13/2025,,,,,11/16/2024
Tanzanite,10201138,49505,SN0051,3,9/14/2024,0,,,,1,11/9/2024,,,,,11/16/2024
Tanzanite,10201139,49505,SN0052,3,9/14/2024,0,,,,7,1/2/2025,0,,,,11/20/2024
Tanzanite,10201140,49505,SN0053,3,9/14/2024,0,,,,5,1/2/2025,0,,,,11/20/2024
Tanzanite,10201141,49505,SN0054,3,9/14/2024,0,,,,2,11/9/2024,0,,,,5/15/2025
Tanzanite,10201142,49505,SN0055,3,9/14/2024,2,,10/2/2024,10/4/2024,2,1/2/2025,,12/4/2024,,,11/16/2024
Tanzanite,10201143,49505,SN0056,3,9/17/2024,0,,,,1,1/2/2025,,,,,11/16/2024
Tanzanite,10201144,49505,SN0057,3,9/17/2024,,,,,,1/13/2025,,,,,11/16/2024
Tanzanite,10201145,49505,SN0058,3,9/17/2024,0,,,,5,1/13/2025,0,,,,11/16/2024
Tanzanite,10201146,49505,SN0059,3,9/17/2024,1,11/13/2024,10/24/2024,10/26/2024,3,12/11/2024,0,,,,1/15/2025
Tanzanite,10201147,49505,SN0060,3,9/17/2024,0,,,,2,11/9/2024,0,,,,11/16/2024
Tanzanite,10201148,49505,SN0061,3,9/17/2024,0,,,,2,1/2/2025,,,,,11/16/2024
Tanzanite,10201149,49505,SN0062,3,9/18/2024,0,,,,4,11/9/2024,0,,,,11/16/2024
Tanzanite,10201150,49505,SN0063,3,9/18/2024,2,,,,3,11/9/2024,0,11/13/2024,11/12/2024,11/15/2024,11/20/2024
Tanzanite,10201151,49505,SN0064,3,9/18/2024,3,11/13/2024,10/2/2024,10/4/2024,3,12/9/2024,,,,,1/15/2025
Tanzanite,10201152,49505,SN0065,3,9/18/2024,1,,10/11/2024,10/15/2024,5,11/25/2024,0,12/4/2024,,,12/17/2024
Tanzanite,10201153,49505,SN0066,3,9/18/2024,1,,,,0,11/9/2024,2,4/17/2025,4/17/2025,4/21/2025,4/21/2025
Tanzanite,10201154,49505,SN0067,3,9/18/2024,1,,,,2,11/9/2024,,11/16/2024,11/16/2024,11/19/2024,11/20/2024
Tanzanite,10201155,49505,SN0068,3,9/20/2024,0,,,,2,11/9/2024,0,,,,11/16/2024
Tanzanite,10201156,49505,SN0069,3,9/20/2024,1,11/13/2024,10/17/2024,10/21/2024,2,12/11/2024,,,,,1/15/2025
Tanzanite,10201157,49505,SN0070,3,9/20/2024,0,,,,1,11/9/2024,,,,,11/16/2024
Tanzanite,10201158,49505,SN0071,3,9/20/2024,0,,,,2,1/2/2025,0,,,,11/16/2024
Tanzanite,10201159,49505,SN0072,3,9/20/2024,0,,,,6,1/2/2025,0,,,,11/20/2024
Tanzanite,10202198,49505,SN0073,3,9/21/2024,0,,,,6,11/9/2024,0,,,,11/16/2024
Tanzanite,10202199,49505,SN0074,3,9/21/2024,0,,,,4,11/20/2024,0,,,,11/20/2024
Tanzanite,10202200,49505,SN0075,3,9/21/2024,0,,,,5,1/2/2025,0,,,,11/20/2024
Tanzanite,10202201,49505,SN0076,2,9/21/2024,0,,,,3,11/20/2024,0,,,,11/20/2024
Tanzanite,10202202,49505,SN0077,3,9/21/2024,0,,,,10,11/20/2024,0,,,,11/20/2024
Tanzanite,10202203,49505,SN0078,2,9/21/2024,0,,,,5,11/9/2024,,,,,11/16/2024
Tanzanite,10202204,49505,SN0079,3,9/24/2024,1,11/13/2024,10/2/2024,10/4/2024,8,12/14/2024,0,,,,1/15/2025
Tanzanite,10202205,49505,SN0080,3,9/24/2024,0,,,,5,1/2/2025,,,,,11/16/2024
Tanzanite,10202206,49505,SN0081,3,9/24/2024,2,,10/2/2024,10/4/2024,5,11/9/2024,0,12/4/2024,,,11/16/2024
Tanzanite,10202207,49505,SN0082,3,9/24/2024,1,,10/2/2024,10/4/2024,0,11/9/2024,,12/4/2024,,,11/16/2024
Tanzanite,10202208,49505,SN0083,3,9/24/2024,0,,,,3,1/2/2025,,,,,11/16/2024
Tanzanite,10202209,49505,SN0084,3,9/24/2024,0,,,,4,11/9/2024,0,,,,11/16/2024
Tanzanite,10202210,49505,SN0085,3,9/25/2024,0,,,,1,1/15/2025,0,,,,1/15/2025
Tanzanite,10202211,49505,SN0086,3,9/25/2024,0,,,,4,1/16/2025,0,,,,1/15/2025
Tanzanite,10202212,49505,SN0087,3,9/25/2024,0,,,,7,12/11/2024,0,,,,1/15/2025
Tanzanite,10202213,49505,SN0088,3,9/25/2024,,,,,,1/15/2025,,,,,12/17/2024
Tanzanite,10202214,49505,SN0089,3,9/25/2024,0,,,,3,1/17/2025,0,,,,1/15/2025
Tanzanite,10202215,49505,SN0090,3,9/25/2024,,,,,,1/15/2025,,,,,12/17/2024
Tanzanite,10202216,49505,SN0091,3,9/26/2024,0,,,,2,1/7/2025,0,,,,1/15/2025
Tanzanite,10202217,49505,SN0092,2,9/26/2024,2,11/13/2024,10/12/2024,10/15/2024,2,11/25/2024,,,,,12/17/2024
Tanzanite,10202218,49505,SN0093,2,9/26/2024,0,,,,2,1/7/2025,,,,,1/15/2025
Tanzanite,10202219,49505,SN0094,3,9/26/2024,,,,,,1/15/2025,,,,,12/17/2024
Tanzanite,10202220,49505,SN0095,3,9/26/2024,0,,,,2,1/21/2025,,,,,1/15/2025
Tanzanite,10202221,49505,SN0096,3,9/26/2024,1,11/13/2024,10/12/2024,10/15/2024,2,11/25/2024,,,,,12/17/2024
Tanzanite,10202222,49505,SN0097,3,9/28/2024,,,,,,1/15/2025,,,,,12/17/2024
Tanzanite,10202223,49505,SN0098,3,9/28/2024,0,,,,0,1/15/2025,,,,,12/17/2024
Tanzanite,10202224,49505,SN0099,2,9/28/2024,0,,,,1,12/4/2024,,,,,12/17/2024
Tanzanite,10202225,49505,SN0100,3,9/28/2024,1,11/13/2024,11/1/2024,11/4/2024,20,,0,,,,4/3/2025
Tanzanite,10202226,49505,SN0101,3,9/28/2024,0,,,,9,1/17/2025,0,,,,1/15/2025
Tanzanite,10202227,49505,SN0102,3,9/28/2024,0,,,,1,12/4/2024,,,,,12/17/2024
Tanzanite,10202228,49505,SN0103,3,10/1/2024,0,,,,1,12/4/2024,,,,,12/17/2024
Tanzanite,10202229,49505,SN0104,3,10/1/2024,1,11/13/2024,10/12/2024,10/15/2024,2,12/11/2024,0,,,,1/15/2025
Tanzanite,10202230,49505,SN0105,3,10/1/2024,1,11/13/2024,10/23/2024,10/25/2024,1,12/11/2024,0,,,,1/15/2025
Tanzanite,10202231,49505,SN0106,3,10/1/2024,,,,,,1/15/2025,,,,,12/17/2024
Tanzanite,10202232,49505,SN0107,3,10/1/2024,0,,,,2,11/25/2024,,,,,12/17/2024
Tanzanite,10202233,49505,SN0108,3,10/1/2024,1,11/13/2024,10/15/2024,10/17/2024,0,1/23/2025,0,,,,1/15/2025
Tanzanite,10202234,49505,SN0109,3,10/2/2024,1,11/13/2024,10/17/2024,10/21/2024,1,12/6/2024,0,,,,1/15/2025
Tanzanite,10202235,49505,SN0110,3,10/2/2024,1,11/13/2024,10/15/2024,10/17/2024,4,11/25/2024,0,,,,12/17/2024
Tanzanite,10202236,49505,SN0111,3,10/2/2024,,,,,,1/15/2025,,,,,12/17/2024
Tanzanite,10202237,49505,SN0112,3,10/2/2024,1,11/13/2024,10/22/2024,10/25/2024,1,12/11/2024,0,,,,1/15/2025
Tanzanite,10202238,49505,SN0113,3,10/2/2024,0,,,,1,1/15/2025,,,,,1/15/2025
Tanzanite,10202239,49505,SN0114,3,10/2/2024,0,,,,4,11/25/2024,,,,,12/17/2024
Tanzanite,10202240,49505,SN0115,2,10/3/2024,0,,,,2,11/25/2024,,,,,12/17/2024
Tanzanite,10202241,49505,SN0116,2,10/3/2024,3,11/13/2024,10/17/2024,10/21/2024,0,1/23/2025,,,,,1/15/2025
Tanzanite,10202242,49505,SN0117,2,10/3/2024,2,11/13/2024,10/22/2024,10/25/2024,2,1/18/2025,0,2/4/2025,2/10/2025,2/12/2025,2/17/2025
Tanzanite,10202243,49505,SN0118,3,10/4/2024,0,,,,0,1/15/2025,0,,,,12/17/2024
Tanzanite,10202244,49505,SN0119,3,10/4/2024,,,,,,1/15/2025,,,,,12/17/2024
Tanzanite,10202245,49505,SN0120,3,10/4/2024,,,,,,1/20/2025,,,,,1/20/2025
Tanzanite,10202246,49505,SN0121,3,10/5/2024,1,11/13/2024,10/15/2024,10/17/2024,1,12/11/2024,0,,,,1/15/2025
Tanzanite,10202247,49505,SN0122,3,10/5/2024,0,,,,0,1/15/2025,,,,,12/17/2024
Tanzanite,10202248,49505,SN0123,3,10/5/2024,2,11/13/2024,11/2/2024,11/7/2024,1,1/25/2025,,,,,1/27/2025
Tanzanite,10202249,49505,SN0124,2,10/5/2024,0,,,,1,1/7/2025,0,,,1/16/2025,1/15/2025
Tanzanite,10202250,49505,SN0125,3,10/5/2024,,,11/5/2024,11/5/2024,,1/15/2025,,12/4/2024,,,12/17/2024
Tanzanite,10202251,49505,SN0126,3,10/5/2024,0,,,,1,12/4/2024,,,,,12/17/2024
Tanzanite,10202252,49505,SN0127,3,10/7/2024,0,,,,1,12/4/2024,,,,,12/17/2024
Tanzanite,10202253,49505,SN0128,3,10/7/2024,0,,,,6,1/16/2025,,,,,1/15/2025
Tanzanite,10202254,49505,SN0129,3,10/7/2024,0,,,,2,1/3/2025,,,,,1/15/2025
Tanzanite,10202255,49505,SN0130,3,10/8/2024,0,,,,4,1/7/2025,0,,,,1/15/2025
Tanzanite,10202256,49505,SN0131,3,10/8/2024,,,,,,1/23/2025,,,,,1/15/2025
Tanzanite,10202257,49505,SN0132,3,10/8/2024,1,11/13/2024,10/15/2024,10/17/2024,4,12/14/2024,0,,,,1/15/2025
Tanzanite,10202258,49505,SN0133,3,10/8/2024,1,11/13/2024,10/15/2024,10/17/2024,9,12/11/2024,0,,,,1/15/2025
Tanzanite,10202259,49505,SN0134,3,10/8/2024,0,,,,5,11/25/2024,0,,,,12/17/2024
Tanzanite,10202260,49505,SN0135,3,10/8/2024,0,,,,3,12/11/2024,0,,,,1/15/2025
Tanzanite,10202261,49505,SN0136,3,10/9/2024,0,,,,7,11/25/2024,0,,,,12/17/2024
Tanzanite,10202262,49505,SN0137,3,10/9/2024,1,11/13/2024,10/17/2024,10/21/2024,4,12/11/2024,0,,,,1/15/2025
Tanzanite,10202263,49505,SN0138,3,10/9/2024,0,,,,9,1/3/2025,0,,,,1/15/2025
Tanzanite,10202264,49505,SN0139,3,10/9/2024,0,,,,4,1/7/2025,0,,,,12/17/2024
Tanzanite,10202265,49505,SN0140,3,10/9/2024,0,,,,5,12/11/2024,0,,,,1/15/2025
Tanzanite,10202266,49505,SN0141,3,10/9/2024,1,11/13/2024,10/24/2024,10/26/2024,5,12/14/2024,0,,,,1/15/2025
Tanzanite,10202267,49505,SN0142,3,10/10/2024,2,11/13/2024,11/11/2024,11/15/2024,3,2/6/2025,0,,,,2/9/2025
Tanzanite,10202268,49505,SN0143,3,10/10/2024,1,11/13/2024,10/24/2024,10/26/2024,8,12/9/2024,0,,,,1/15/2025
Tanzanite,10202269,49505,SN0144,3,10/10/2024,0,,,,6,12/6/2024,,,,,1/15/2025
Tanzanite,10202532,49505,SN0145,3,10/12/2024,0,,,,15,12/6/2024,,,,,1/15/2025
Tanzanite,10202533,49505,SN0146,3,10/12/2024,0,,,,10,12/6/2024,,,,,1/15/2025
Tanzanite,10202534,49505,SN0147,3,10/12/2024,0,,,,6,12/14/2024,1,1/24/2025,1/24/2025,1/29/2025,2/5/2025
Tanzanite,10202535,49505,SN0148,3,10/12/2024,1,11/13/2024,11/2/2024,11/9/2024,1,1/18/2025,0,,,,1/20/2025
Tanzanite,10202536,49505,SN0149,3,10/12/2024,1,11/13/2024,10/24/2024,11/7/2024,6,1/7/2025,,,,,1/15/2025
Tanzanite,10202537,49505,SN0150,3,10/12/2024,0,,,,3,12/14/2024,,,,,1/15/2025
Tanzanite,10202538,49505,SN0151,2,10/15/2024,1,11/13/2024,10/23/2024,10/26/2024,4,1/18/2025,0,,,,4/21/2025
Tanzanite,10202539,49505,SN0152,3,10/17/2024,0,,,,3,12/6/2024,0,,,,1/15/2025
Tanzanite,10202540,49505,SN0153,3,10/15/2024,0,,,,7,1/7/2025,0,,,,1/15/2025
Tanzanite,10202541,49505,SN0154,3,10/15/2024,2,11/13/2024,10/24/2024,10/26/2024,5,1/18/2025,,,,,1/20/2025
Tanzanite,10202542,49505,SN0155,3,10/15/2024,1,11/13/2024,11/2/2024,11/7/2024,3,1/18/2025,0,,,,1/20/2025
Tanzanite,10202543,49505,SN0156,3,10/15/2024,0,,,,11,12/11/2024,0,,,,1/15/2025
Tanzanite,10202544,49505,SN0157,3,10/15/2024,0,,,,9,1/10/2025,0,,,,1/15/2025
Tanzanite,10202545,49505,SN0158,3,10/31/2024,1,11/13/2024,10/23/2024,10/25/2024,8,1/18/2025,0,,,,1/23/2025
Tanzanite,10202546,49505,SN0159,3,10/24/2024,0,,,,5,12/11/2024,0,,,,1/15/2025
Tanzanite,10202547,49505,SN0160,3,10/25/2024,0,,,,1,12/11/2024,0,,,,1/15/2025
Tanzanite,10202548,49505,SN0161,3,10/25/2024,0,,,,1,12/6/2024,0,,,,1/15/2025
Tanzanite,10202549,49505,SN0162,3,10/28/2024,0,,,,6,12/6/2024,0,,,,1/15/2025
Tanzanite,10202550,49505,SN0163,3,11/1/2024,1,11/13/2024,10/24/2024,10/26/2024,3,1/17/2025,0,,,,1/20/2025
Tanzanite,10202551,49505,SN0164,3,10/17/2024,0,,,,2,12/11/2024,0,,,,1/15/2025
Tanzanite,10202552,49505,SN0165,3,10/17/2024,0,,,,4,12/11/2024,0,,,,1/15/2025
Tanzanite,10202553,49505,SN0166,3,10/17/2024,0,,,,4,1/10/2025,0,,,,1/15/2025
Tanzanite,10202554,49505,SN0167,3,10/17/2024,0,,,,12,12/14/2024,0,,,,1/15/2025
Tanzanite,10202555,49505,SN0168,3,10/17/2024,0,,,,0,1/20/2025,0,,,,1/20/2025
Tanzanite,10202556,49505,SN0169,3,10/18/2024,0,,,,0,1/20/2025,0,,,,1/20/2025
Tanzanite,10202557,49505,SN0170,3,10/18/2024,0,,,,2,1/18/2025,0,,,,1/20/2025
Tanzanite,10202558,49505,SN0171,3,10/18/2024,0,,,,0,1/23/2025,,,,,1/20/2025
Tanzanite,10202559,49505,SN0172,3,10/20/2024,1,11/20/2024,12/2/2024,12/4/2024,1,2/6/2025,0,,,,2/9/2025
Tanzanite,10202560,49505,SN0173,3,10/20/2024,0,,,,1,1/18/2025,0,,,,1/20/2025
Tanzanite,10202561,49505,SN0174,3,10/20/2024,0,,,,0,1/20/2025,,,,,1/20/2025
Tanzanite,10202562,49505,SN0175,3,10/22/2024,0,,,,4,1/17/2025,0,,,,1/20/2025
Tanzanite,10202563,49505,SN0176,3,10/22/2024,0,,,,1,1/10/2025,0,,,,1/16/2025
Tanzanite,10202564,49505,SN0177,3,10/22/2024,0,,,,4,1/10/2025,,,,,4/21/2025
Tanzanite,10202565,49505,SN0178,3,10/22/2024,1,,,,2,1/10/2025,0,1/25/2025,1/28/2025,1/30/2025,2/10/2025
Tanzanite,10202566,49505,SN0179,3,10/22/2024,0,,,,3,1/10/2025,,,,,1/16/2025
Tanzanite,10202567,49505,SN0180,3,10/22/2024,0,,,,7,1/10/2025,,,,,5/15/2025
Tanzanite,10202568,49505,SN0181,3,10/23/2024,1,11/16/2024,11/16/2024,11/19/2024,3,,0,,,,1/23/2025
Tanzanite,10202569,49505,SN0182,3,10/23/2024,0,,,,0,1/20/2025,,,,,1/16/2025
Tanzanite,10202570,49505,SN0183,3,10/23/2024,0,,,,3,1/10/2025,0,,,,1/16/2025
Tanzanite,10202571,49505,SN0184,3,10/23/2024,0,,,,3,1/17/2025,0,,,,1/23/2025
Tanzanite,10203164,49505,SN0185,3,10/23/2024,1,11/13/2024,11/1/2024,11/4/2024,0,2/26/2025,0,,,,1/16/2025
Tanzanite,10203165,49505,SN0186,3,10/23/2024,0,,,,2,1/17/2025,0,,,,1/23/2025
Tanzanite,10203166,49505,SN0187,3,10/24/2024,0,,,,1,1/17/2025,,,,,1/20/2025
Tanzanite,10203167,49505,SN0188,3,10/24/2024,2,11/13/2024,11/2/2024,11/7/2024,0,,0,,,,1/16/2025
Tanzanite,10203168,49505,SN0189,3,10/24/2024,0,,,,4,1/18/2025,0,,,,5/15/2025
Tanzanite,10203169,49505,SN0190,3,10/26/2024,0,,,,3,1/10/2025,0,,,,1/16/2025
Tanzanite,10203170,49505,SN0191,3,10/25/2024,0,,,,4,1/18/2025,0,,,,1/20/2025
Tanzanite,10203171,49505,SN0192,3,10/25/2024,0,,,,7,1/18/2025,,,,,1/20/2025
Tanzanite,10203172,49505,SN0193,3,10/25/2024,0,,,,6,1/20/2025,1,1/20/2025,1/21/2025,1/25/2025,1/28/2025
Tanzanite,10203173,49505,SN0194,3,10/26/2024,1,11/13/2024,11/1/2024,11/4/2024,5,,0,,,,1/23/2025
Tanzanite,10203174,49505,SN0195,3,10/26/2024,0,,,,2,1/18/2025,1,1/28/2025,2/4/2025,2/7/2025,2/13/2025
Tanzanite,10203175,49505,SN0196,3,10/29/2024,1,11/13/2024,11/11/2024,11/13/2024,1,,0,,,,1/21/2025
Tanzanite,10203176,49505,SN0197,3,10/29/2024,1,11/13/2024,11/1/2024,11/4/2024,4,,,,,,1/20/2025
Tanzanite,10203177,49505,SN0198,3,10/29/2024,1,11/13/2024,11/1/2024,11/4/2024,1,,0,,,,1/16/2025
Tanzanite,10203178,49505,SN0199,3,10/29/2024,0,,,,0,1/20/2025,0,,,,1/20/2025
Tanzanite,10203179,49505,SN0200,2,10/29/2024,0,,,,1,1/18/2025,,,,,1/20/2025
Tanzanite,10203180,49505,SN0201,3,10/29/2024,0,,,,2,1/10/2025,0,,,,1/16/2025
Tanzanite,10203181,49505,SN0202,3,10/29/2024,0,,,,7,1/10/2025,0,,,,1/16/2025
Tanzanite,10203182,49505,SN0203,3,10/29/2024,0,,,,3,1/10/2025,0,,,,1/16/2025
Tanzanite,10203183,49505,SN0204,3,10/29/2024,2,,,,16,1/18/2025,0,1/20/2025,1/22/2025,1/25/2025,2/9/2025
Tanzanite,10203184,49505,SN0205,3,10/29/2024,0,,,,3,1/18/2025,0,,,,1/20/2025
Tanzanite,10203185,49505,SN0206,3,10/29/2024,0,,,,6,2/7/2025,0,,,,1/21/2025
Tanzanite,10203186,49505,SN0207,3,10/29/2024,1,11/13/2024,11/2/2024,11/7/2024,10,3/6/2025,2,,,2/13/2025,2/13/2025
Tanzanite,10203187,49505,SN0208,3,10/30/2024,1,11/13/2024,11/8/2024,11/11/2024,0,,0,,,,1/16/2025
Tanzanite,10203188,49505,SN0209,3,10/30/2024,0,,,,0,,,,,,1/16/2025
Tanzanite,10203189,49505,SN0210,2,10/30/2024,0,,,,7,,0,,,,1/23/2025
Tanzanite,10203190,49505,SN0211,2,10/30/2024,1,11/13/2024,11/2/2024,11/7/2024,2,,0,,,,1/23/2025
Tanzanite,10203191,49505,SN0212,2,10/30/2024,0,,,,1,,0,,,,1/23/2025
Tanzanite,10203192,49505,SN0213,2,10/30/2024,0,,,,1,,0,,,,1/21/2025
Tanzanite,10203193,49505,SN0214,3,10/31/2024,0,,,,1,,0,,,,1/16/2025
Tanzanite,10203194,49505,SN0215,3,10/31/2024,0,,,,1,,0,,,,1/16/2025
Tanzanite,10203195,49505,SN0216,3,10/31/2024,5,12/12/2024,12/13/2024,12/16/2024,3,2/7/2025,0,,,,2/9/2025
Tanzanite,10203196,49505,SN0217,3,10/31/2024,0,,,,5,,0,,,,1/21/2025
Tanzanite,10203197,49505,SN0218,3,10/31/2024,0,,,,4,,0,,,,1/23/2025
Tanzanite,10203198,49505,SN0219,3,10/31/2024,0,,,,4,2/6/2025,0,,,,2/9/2025
Tanzanite,10203199,49505,SN0220,3,11/2/2024,,,,,,,,,,,1/16/2025
Tanzanite,10203200,49505,SN0221,3,11/2/2024,0,,,,2,,0,,,,1/16/2025
Tanzanite,10203201,49505,SN0222,3,11/2/2024,0,,,,3,,0,,,,1/21/2025
Tanzanite,10203202,49505,SN0223,3,11/2/2024,0,,,,1,,,,,,1/21/2025
Tanzanite,10203203,49505,SN0224,3,11/2/2024,0,,,,2,,0,,,,1/21/2025
Tanzanite,10203204,49505,SN0225,2,11/2/2024,0,,,,2,,,,,,1/16/2025
Tanzanite,10203205,49505,SN0226,3,11/2/2024,0,,,,7,2/7/2025,1,,2/11/2025,2/13/2025,2/19/2025
Tanzanite,10203206,49505,SN0227,3,11/2/2024,0,,,,0,,0,,,,1/16/2025
Tanzanite,10203207,49505,SN0228,3,11/2/2024,0,,,,3,,0,,,,1/16/2025
Tanzanite,10203208,49505,SN0229,3,11/4/2024,0,,,,0,,,,,,1/16/2025
Tanzanite,10203209,49505,SN0230,3,11/4/2024,0,,,,1,,0,,,,1/16/2025
Tanzanite,10203210,49505,SN0231,3,11/4/2024,0,,,,2,2/6/2025,,,,,2/9/2025
Tanzanite,10203211,49505,SN0232,3,11/4/2024,1,11/13/2024,11/8/2024,11/11/2024,0,,,,,,1/16/2025
Tanzanite,10203212,49505,SN0233,3,11/4/2024,1,12/11/2024,12/13/2024,12/16/2024,1,2/11/2025,,,,,2/13/2025
Tanzanite,10203213,49505,SN0234,3,11/4/2024,0,,,,0,,0,,,,1/16/2025
Tanzanite,10203214,49505,SN0235,3,11/4/2024,0,,,,1,,0,,,,1/21/2025
Tanzanite,10203215,49505,SN0236,2,11/4/2024,0,,,,2,,0,,,,5/1/2025
Tanzanite,10203216,49505,SN0237,3,11/4/2024,1,11/13/2024,11/8/2024,11/11/2024,0,,,,,,1/16/2025
Tanzanite,10203217,49505,SN0238,3,11/6/2024,0,,,,3,,0,,,,1/21/2025
Tanzanite,10203218,49505,SN0239,3,11/6/2024,0,,,,1,,0,,,,1/16/2025
Tanzanite,10203219,49505,SN0240,3,11/6/2024,0,,,,1,,0,,,,1/16/2025
Tanzanite,10203220,49505,SN0241,3,11/6/2024,1,11/15/2024,11/16/2024,11/19/2024,4,,0,,,,1/16/2025
Tanzanite,10203221,49505,SN0242,3,11/6/2024,0,,,,5,,0,,,,1/23/2025
Tanzanite,10203222,49505,SN0243,3,11/6/2024,0,,,,0,1/28/2025,0,,,,1/25/2025
Tanzanite,10203223,49505,SN0244,2,11/6/2024,0,,,,1,,,,,,1/23/2025
Tanzanite,10203224,49505,SN0245,2,11/6/2024,0,,,,1,,0,,,,1/23/2025
Tanzanite,10203225,49505,SN0246,2,11/6/2024,1,11/13/2024,11/8/2024,11/11/2024,4,,0,,,,1/23/2025
Tanzanite,10203226,49505,SN0247,2,11/8/2024,0,,,,1,1/25/2025,0,,,,1/27/2025
Tanzanite,10203227,49505,SN0248,3,11/8/2024,1,,,,1,1/25/2025,,1/25/2025,1/28/2025,1/30/2025,2/9/2025
Tanzanite,10203228,49505,SN0249,2,11/8/2024,0,,,,0,1/28/2025,0,,,,1/27/2025
Tanzanite,10203229,49505,SN0250,3,11/8/2024,0,,,,1,,,,,,1/23/2025
Tanzanite,10203230,49505,SN0251,3,11/8/2024,0,,,,1,1/25/2025,,,,,1/27/2025
Tanzanite,10203231,49505,SN0252,3,11/8/2024,,,,,,1/28/2025,,,,,1/25/2025
Tanzanite,10203232,49505,SN0253,3,11/9/2024,2,11/15/2024,11/19/2024,11/22/2024,0,,0,,,,2/19/2025
Tanzanite,10203233,49505,SN0254,3,11/9/2024,1,11/15/2024,11/16/2024,11/19/2024,5,2/7/2025,,,,,2/9/2025
Tanzanite,10203234,49505,SN0255,3,11/9/2024,1,11/18/2024,11/22/2024,12/4/2024,1,2/19/2025,1,4/7/2025,4/8/2025,4/10/2025,4/10/2025
Tanzanite,10203235,49505,SN0256,2,11/9/2024,0,,,,0,1/28/2025,,,,,1/25/2025
Tanzanite,10203236,49505,SN0257,3,11/9/2024,0,,,,0,1/25/2025,1,2/6/2025,2/11/2025,2/13/2025,3/21/2025
Tanzanite,10203237,49505,SN0258,3,11/9/2024,2,11/27/2024,12/2/2024,12/4/2024,0,,,,,,2/19/2025
Tanzanite,10203238,49505,SN0259,3,11/12/2024,0,,,,4,2/7/2025,1,3/24/2025,3/25/2025,3/27/2025,3/31/2025
Tanzanite,10203239,49505,SN0260,3,11/12/2024,0,,,,5,,0,,,,1/23/2025
Tanzanite,10203240,49505,SN0261,3,11/12/2024,3,1/15/2025,1/16/2025,1/17/2025,3,2/19/2025,0,,,,2/19/2025
Tanzanite,10203241,49505,SN0262,2,11/12/2024,0,,,,4,1/25/2025,0,,,,1/27/2025
Tanzanite,10203242,49505,SN0263,3,11/12/2024,2,11/18/2024,11/19/2024,11/22/2024,4,3/24/2025,0,,,,3/24/2025
Tanzanite,10203243,49505,SN0264,2,11/12/2024,0,,,,0,1/28/2025,,,,,1/25/2025
Tanzanite,10203244,49505,SN0265,2,11/13/2024,0,,,,6,1/25/2025,0,,,,1/27/2025
Tanzanite,10203245,49505,SN0266,3,11/13/2024,0,,,,3,1/25/2025,0,,,,1/27/2025
Tanzanite,10203246,49505,SN0267,3,11/13/2024,1,12/11/2024,12/13/2024,12/16/2024,0,,0,,,,2/9/2025
Tanzanite,10203247,49505,SN0268,3,11/13/2024,2,11/15/2024,11/18/2024,11/19/2024,3,1/25/2025,0,,,,1/27/2025
Tanzanite,10203248,49505,SN0269,3,11/13/2024,0,,,,0,1/28/2025,0,,,,1/25/2025
Tanzanite,10203249,49505,SN0270,3,11/13/2024,0,,,,0,1/28/2025,,,,,4/21/2025
Tanzanite,10203250,49505,SN0271,3,11/14/2024,1,11/20/2024,11/22/2024,12/4/2024,3,1/25/2025,0,,,,1/27/2025
Tanzanite,10203251,49505,SN0272,3,11/14/2024,0,,,,0,1/28/2025,0,,,,1/23/2025
Tanzanite,10203252,49505,SN0273,2,11/14/2024,1,11/18/2024,11/19/2024,11/22/2024,1,2/6/2025,,,,,2/9/2025
Tanzanite,10203253,49505,SN0274,3,11/14/2024,0,,,,0,1/28/2025,,,,,1/25/2025
Tanzanite,10203254,49505,SN0275,2,11/14/2024,0,,,,4,,0,,,,1/23/2025
Tanzanite,10203255,49505,SN0276,3,11/14/2024,0,,,,0,1/28/2025,0,,,,1/25/2025
Tanzanite,10203773,49505,SN0277,3,11/18/2024,0,,,,2,2/7/2025,0,,,,2/9/2025
Tanzanite,10203774,49505,SN0278,3,11/18/2024,2,11/21/2024,12/2/2024,12/4/2024,0,,,,,,2/19/2025
Tanzanite,10203775,49505,SN0279,3,11/18/2024,0,,,,0,,,,,,2/19/2025
Tanzanite,10203776,49505,SN0280,3,11/18/2024,1,12/2/2024,12/3/2024,12/5/2024,2,2/6/2025,0,,,,2/9/2025
Tanzanite,10203777,49505,SN0281,3,11/18/2024,0,,,,3,2/6/2025,0,,,,2/12/2025
Tanzanite,10203778,49505,SN0282,3,11/18/2024,1,12/4/2024,12/3/2024,12/5/2024,1,2/11/2025,0,,,,2/12/2025
Tanzanite,10203779,49505,SN0283,3,11/19/2024,0,,,,0,,,,,,2/9/2025
Tanzanite,10203780,49505,SN0284,3,11/19/2024,2,12/6/2024,12/4/2024,12/9/2024,0,,,,,,3/21/2025
Tanzanite,10203781,49505,SN0285,3,11/19/2024,0,,,,3,2/7/2025,0,,,,2/9/2025
Tanzanite,10203782,49505,SN0286,3,11/19/2024,0,,,,1,2/19/2025,0,,,,2/19/2025
Tanzanite,10203783,49505,SN0287,2,11/19/2024,0,,,,2,1/22/2025,0,,,,4/21/2025
Tanzanite,10203784,49505,SN0288,3,11/19/2024,0,,,,2,1/25/2025,,,,,1/27/2025
Tanzanite,10203785,49505,SN0289,3,11/20/2024,0,,,,2,1/25/2025,0,,,,1/27/2025
Tanzanite,10203786,49505,SN0290,3,11/20/2024,1,12/2/2024,12/3/2024,12/5/2024,2,2/6/2025,,,,,2/9/2025
Tanzanite,10203787,49505,SN0291,2,11/20/2024,0,,,,1,,0,,,,2/19/2025
Tanzanite,10203788,49505,SN0292,3,11/20/2024,6,12/2/2024,12/2/2024,12/4/2024,1,3/19/2025,0,,,,2/13/2025
Tanzanite,10203789,49505,SN0293,3,11/20/2024,1,1/15/2025,1/16/2025,1/17/2025,9,2/19/2025,0,,,,2/19/2025
Tanzanite,10203790,49505,SN0294,2,11/20/2024,0,,,,4,1/25/2025,0,,,,4/21/2025
Tanzanite,10203791,49505,SN0295,3,11/21/2024,1,12/2/2024,12/3/2024,12/5/2024,0,,0,,,,2/19/2025
Tanzanite,10203792,49505,SN0296,2,11/21/2024,0,,,,5,1/22/2025,0,,,,1/23/2025
Tanzanite,10203793,49505,SN0297,2,11/21/2024,0,,,,5,,0,,,,1/23/2025
Tanzanite,10203794,49505,SN0298,3,11/21/2024,0,,,,1,,0,,,,1/23/2025
Tanzanite,10203795,49505,SN0299,2,11/21/2024,,,,,,1/28/2025,,,,,1/23/2025
Tanzanite,10203796,49505,SN0300,3,11/21/2024,0,,,,1,2/6/2025,,,,,2/9/2025
Tanzanite,10203797,49505,SN0301,3,11/22/2024,0,,,,0,1/28/2025,,,,,1/25/2025
Tanzanite,10203798,49505,SN0302,3,11/22/2024,0,,,,1,1/25/2025,1,3/25/2025,3/25/2025,3/27/2025,3/31/2025
Tanzanite,10203799,49505,SN0303,3,11/22/2024,0,,,,2,,0,,,,1/23/2025
Tanzanite,10203800,49505,SN0304,3,11/22/2024,0,,,,0,,0,,,,2/19/2025
Tanzanite,10203801,49505,SN0305,3,11/22/2024,1,12/2/2024,12/4/2024,12/9/2024,1,2/7/2025,0,,,,2/9/2025
Tanzanite,10203802,49505,SN0306,3,11/22/2024,2,12/2/2024,12/3/2024,12/5/2024,2,3/19/2025,0,,,,3/21/2025
Tanzanite,10203803,49505,SN0307,3,11/23/2024,1,12/2/2024,12/2/2024,12/10/2024,1,1/25/2025,0,,,,1/27/2025
Tanzanite,10203804,49505,SN0308,3,11/23/2024,0,,,,1,2/7/2025,,,,,2/9/2025
Tanzanite,10203805,49505,SN0309,3,11/23/2024,2,1/15/2025,1/16/2025,1/17/2025,0,,,,,,3/21/2025
Tanzanite,10203806,49505,SN0310,3,11/23/2024,1,12/2/2024,12/3/2024,12/5/2024,0,,0,,,,2/9/2025
Tanzanite,10203807,49505,SN0311,3,11/23/2024,0,,,,1,2/6/2025,0,,,,2/9/2025
Tanzanite,10203808,49505,SN0312,3,11/23/2024,0,,,,4,2/10/2025,0,,,,2/12/2025
Tanzanite,10203809,49505,SN0313,3,1/25/2025,0,,,,0,,,,,,3/17/2025
Tanzanite,10203810,49505,SN0314,3,1/25/2025,1,1/28/2025,2/3/2025,2/5/2025,1,3/26/2025,0,,,,3/21/2025
Tanzanite,10203811,49505,SN0315,3,1/25/2025,1,1/31/2025,2/4/2025,2/5/2025,2,3/12/2025,,,,,3/13/2025
Tanzanite,10203812,49505,SN0316,3,1/27/2025,,,,,,,,,,,3/17/2025
Tanzanite,10203813,49505,SN0317,3,1/27/2025,0,,,,0,,0,,,,3/17/2025
Tanzanite,10203814,49505,SN0318,3,1/27/2025,0,,,,2,3/12/2025,,,,,3/17/2025
Tanzanite,10203815,49505,SN0319,3,1/27/2025,1,2/13/2025,2/13/2025,2/15/2025,2,,0,,,,3/21/2025
Tanzanite,10203816,49505,SN0320,2,1/27/2025,0,,,,0,,,,,,3/17/2025
Tanzanite,10203817,49505,SN0321,2,1/27/2025,0,,,,1,3/12/2025,0,,,,3/17/2025
Tanzanite,10203818,49505,SN0322,2,1/27/2025,,,,,,,,,,,3/17/2025
Tanzanite,10203819,49505,SN0323,3,1/27/2025,1,1/28/2025,2/4/2025,2/7/2025,3,3/19/2025,,,,,3/21/2025
Tanzanite,10203820,49505,SN0324,2,1/27/2025,0,,,,1,3/12/2025,,,,,3/17/2025
Tanzanite,10203821,49505,SN0325,2,1/28/2025,0,,,,2,3/12/2025,,,,,3/17/2025
Tanzanite,10203822,49505,SN0326,3,1/28/2025,1,2/7/2025,2/10/2025,2/12/2025,3,3/24/2025,0,,,,3/24/2025
Tanzanite,10203823,49505,SN0327,3,1/28/2025,1,1/31/2025,2/5/2025,2/7/2025,6,3/19/2025,0,,,,3/21/2025
Tanzanite,10203824,49505,SN0328,3,1/28/2025,1,1/31/2025,2/4/2025,2/5/2025,3,4/6/2025,0,,,,3/24/2025
Tanzanite,10203825,49505,SN0329,2,1/28/2025,0,,,,1,3/12/2025,,,,,3/17/2025
Tanzanite,10203826,49505,SN0330,2,1/28/2025,0,,,,11,3/11/2025,0,,,,3/17/2025
Tanzanite,10203827,49505,SN0331,3,1/29/2025,0,,,,10,3/20/2025,0,,,,3/17/2025
Tanzanite,10203828,49505,SN0332,2,1/29/2025,0,,,,5,3/12/2025,,,,,3/13/2025
Tanzanite,10203829,49505,SN0333,3,1/29/2025,1,1/31/2025,2/4/2025,2/7/2025,16,4/6/2025,0,,,,3/24/2025
Tanzanite,10203830,49505,SN0334,2,1/30/2025,0,,,,12,3/12/2025,,,,,3/13/2025
Tanzanite,10203831,49505,SN0335,2,1/31/2025,0,,,,14,3/11/2025,0,,,,3/13/2025
Tanzanite,10203832,49505,SN0336,2,1/31/2025,0,,,,12,3/11/2025,0,,,,3/17/2025
Tanzanite,10203833,49505,SN0337,2,1/31/2025,1,2/7/2025,2/10/2025,2/12/2025,2,4/6/2025,0,,,,3/21/2025
Tanzanite,10203834,49505,SN0338,2,2/3/2025,0,,,,8,3/12/2025,0,,,,3/13/2025
Tanzanite,10203835,49505,SN0339,2,2/3/2025,1,2/12/2025,2/13/2025,2/15/2025,15,3/26/2025,0,,,,3/21/2025
Tanzanite,10203836,49505,SN0340,2,2/3/2025,0,,,,7,3/12/2025,,,,,3/13/2025
Tanzanite,10203837,49505,SN0341,3,1/30/2025,0,,,,4,3/12/2025,,,,,3/13/2025
Tanzanite,10203838,49505,SN0342,2,1/30/2025,1,2/12/2025,2/13/2025,2/15/2025,5,3/20/2025,1,4/16/2025,4/17/2025,4/21/2025,4/21/2025
Tanzanite,10203839,49505,SN0343,3,2/3/2025,0,,,,3,3/12/2025,,,,,3/13/2025
Tanzanite,10203840,49505,SN0344,3,2/3/2025,0,,,,2,3/11/2025,1,4/16/2025,4/17/2025,4/21/2025,4/21/2025
Tanzanite,10203841,49505,SN0345,2,2/3/2025,0,,,,1,3/20/2025,,,,,3/21/2025
Tanzanite,10203842,49505,SN0346,3,2/3/2025,0,,,,0,,1,4/16/2025,4/17/2025,4/21/2025,4/21/2025
Tanzanite,10203843,49505,SN0347,2,2/3/2025,0,,,,8,3/12/2025,0,,,,3/17/2025
Tanzanite,10203844,49505,SN0348,3,2/3/2025,0,,,,2,3/11/2025,1,4/17/2025,4/18/2025,4/22/2025,3/17/2025
Tanzanite,10203845,49505,SN0349,3,2/3/2025,0,,,,4,3/11/2025,0,,,,3/17/2025
Tanzanite,10203846,49505,SN0350,3,2/3/2025,0,,,,10,3/11/2025,,,,,3/17/2025
Tanzanite,10203847,49505,SN0351,2,2/3/2025,0,,,,7,3/11/2025,,,,,3/17/2025
Tanzanite,10203848,49505,SN0352,2,2/3/2025,0,,,,4,3/11/2025,,,,,3/17/2025
Tanzanite,10203849,49505,SN0353,2,2/3/2025,0,,,,4,3/11/2025,0,,,,3/17/2025
Tanzanite,10203850,49505,SN0354,3,2/3/2025,0,,,,10,3/11/2025,0,,,,3/13/2025
Tanzanite,10203851,49505,SN0355,3,2/4/2025,0,,,,11,3/20/2025,0,,,,3/17/2025
Tanzanite,10203852,49505,SN0356,3,2/4/2025,0,,,,11,3/11/2025,0,,,,3/17/2025
Tanzanite,10203853,49505,SN0357,2,2/4/2025,0,,,,10,3/20/2025,0,,,,3/17/2025
Tanzanite,10203854,49505,SN0358,2,2/4/2025,0,,,,1,3/11/2025,,,,,3/17/2025
Tanzanite,10203855,49505,SN0359,2,2/4/2025,0,,,,10,3/20/2025,0,,,,3/17/2025
Tanzanite,10203856,49505,SN0360,3,2/4/2025,0,,,,5,3/11/2025,0,,,,3/17/2025
Tanzanite,10203857,49505,SN0361,3,2/14/2025,1,2/24/2025,2/24/2025,2/26/2025,1,3/31/2025,0,,,,4/2/2025
Tanzanite,10203858,49505,SN0362,3,2/5/2025,0,,,,2,3/11/2025,0,,,,3/17/2025
Tanzanite,10203859,49505,SN0363,3,2/5/2025,1,2/17/2025,2/18/2025,2/20/2025,3,3/31/2025,0,,,,4/2/2025
Tanzanite,10203860,49505,SN0364,2,2/5/2025,0,,,,9,3/26/2025,0,,,,3/21/2025
Tanzanite,10203861,49505,SN0365,3,2/5/2025,0,,,,4,5/1/2025,1,4/17/2025,4/18/2025,4/22/2025,4/28/2025
Tanzanite,10203862,49505,SN0366,2,2/5/2025,0,,,,2,3/24/2025,0,,,,3/24/2025
Tanzanite,10203863,49505,SN0367,2,2/5/2025,0,,,,1,3/20/2025,0,,,,3/21/2025
Tanzanite,10203864,49505,SN0368,3,2/6/2025,0,,,,3,3/20/2025,1,4/16/2025,4/17/2025,4/21/2025,4/21/2025
Tanzanite,10204731,49505,SN0369,3,2/6/2025,,,,,,3/25/2025,,,,,4/1/2025
Tanzanite,10204732,49505,SN0370,2,2/6/2025,0,,,,3,3/21/2025,0,,,,3/21/2025
Tanzanite,10204733,49505,SN0371,3,2/12/2025,1,2/17/2025,2/19/2025,2/21/2025,12,3/21/2025,0,,,,3/21/2025
Tanzanite,10204734,49505,SN0372,3,2/12/2025,0,2/17/2025,2/19/2025,2/21/2025,0,3/26/2025,,,,,3/21/2025
Tanzanite,10204735,49505,SN0373,3,2/6/2025,0,,,,8,4/2/2025,0,,,,3/31/2025
Tanzanite,10204736,49505,SN0374,3,2/6/2025,0,,,,12,3/25/2025,0,,,,3/31/2025
Tanzanite,10204737,49505,SN0375,3,2/6/2025,0,,,,4,3/24/2025,0,,,,3/24/2025
Tanzanite,10204738,49505,SN0376,3,2/7/2025,0,,,,7,3/20/2025,0,,,,3/21/2025
Tanzanite,10204739,49505,SN0377,2,2/7/2025,0,,,,3,3/26/2025,0,,,,3/21/2025
Tanzanite,10204740,49505,SN0378,3,2/7/2025,1,2/15/2025,2/18/2025,2/20/2025,1,3/31/2025,0,,,,4/2/2025
Tanzanite,10204741,49505,SN0379,3,2/8/2025,0,,,,6,3/24/2025,0,,,,3/24/2025
Tanzanite,10204742,49505,SN0380,3,2/8/2025,0,,,,1,3/20/2025,0,,,,3/21/2025
Tanzanite,10204743,49505,SN0381,2,2/8/2025,0,,,,6,3/24/2025,0,,,,3/24/2025
Tanzanite,10204744,49505,SN0382,2,2/8/2025,0,,,,7,3/20/2025,0,,,,3/21/2025
Tanzanite,10204745,49505,SN0383,3,2/8/2025,0,,,,5,3/24/2025,0,,,,3/24/2025
Tanzanite,10204746,49505,SN0384,3,2/8/2025,0,,,,3,3/20/2025,0,,,,3/21/2025
Tanzanite,10204747,49505,SN0385,3,2/8/2025,1,2/18/2025,2/21/2025,2/25/2025,2,3/31/2025,0,,,,4/2/2025
Tanzanite,10204748,49505,SN0386,2,2/8/2025,0,,,,2,3/20/2025,,,,,3/21/2025
Tanzanite,10204749,49505,SN0387,2,2/8/2025,0,,,,5,3/20/2025,,,,,3/21/2025
Tanzanite,10204750,49505,SN0388,3,2/11/2025,0,,,,1,3/20/2025,,,,,3/21/2025
Tanzanite,10204751,49505,SN0389,3,2/11/2025,0,,,,8,3/20/2025,0,,,,3/21/2025
Tanzanite,10204752,49505,SN0390,3,2/11/2025,0,,,,2,4/2/2025,0,,,,4/3/2025
Tanzanite,10204753,49505,SN0391,3,2/11/2025,0,,,,10,4/2/2025,0,,,,4/3/2025
Tanzanite,10204754,49505,SN0392,3,2/11/2025,0,,,,6,4/2/2025,0,,,,4/3/2025
Tanzanite,10204755,49505,SN0393,3,2/11/2025,3,2/20/2025,2/21/2025,2/25/2025,3,4/12/2025,0,,,,4/17/2025
Tanzanite,10204756,49505,SN0394,3,2/12/2025,0,,,,3,4/1/2025,0,,,,4/2/2025
Tanzanite,10204757,49505,SN0395,3,2/12/2025,1,2/21/2025,2/24/2025,2/26/2025,9,4/1/2025,0,,,,4/2/2025
Tanzanite,10204758,49505,SN0396,2,2/12/2025,0,,,,13,4/1/2025,0,,,,4/2/2025
Tanzanite,10204759,49505,SN0397,3,2/12/2025,1,2/20/2025,2/21/2025,2/25/2025,2,3/31/2025,0,,,,4/1/2025
Tanzanite,10204760,49505,SN0398,3,2/13/2025,1,,,,4,3/31/2025,,,,,4/1/2025
Tanzanite,10204761,49505,SN0399,2,2/13/2025,0,,,,7,4/1/2025,0,,,,4/2/2025
Tanzanite,10204762,49505,SN0400,3,2/13/2025,2,2/25/2025,2/26/2025,3/3/2025,6,4/12/2025,1,5/12/2025,5/13/2025,5/15/2025,5/16/2025
Tanzanite,10204763,49505,SN0401,2,2/21/2025,0,,,,7,3/31/2025,0,,,,4/1/2025
Tanzanite,10204764,49505,SN0402,3,2/21/2025,0,,,,3,3/31/2025,0,,,,4/1/2025
Tanzanite,10204765,49505,SN0403,3,2/21/2025,1,2/24/2025,2/24/2025,2/26/2025,5,3/31/2025,0,,,,4/1/2025
Tanzanite,10204766,49505,SN0404,2,2/14/2025,0,,,,12,3/31/2025,0,,,,4/2/2025
Tanzanite,10204767,49505,SN0405,2,2/14/2025,0,,,,2,3/31/2025,0,,,,4/1/2025
Tanzanite,10204768,49505,SN0406,3,2/15/2025,20,,,,0,,,,,,
Tanzanite,10204769,49505,SN0407,3,2/15/2025,0,,,,6,3/31/2025,0,,,,4/1/2025
Tanzanite,10204770,49505,SN0408,3,2/15/2025,0,,,,10,3/31/2025,0,,,,4/1/2025
Tanzanite,10204771,49505,SN0409,3,2/15/2025,1,2/24/2025,2/24/2025,2/26/2025,10,3/31/2025,0,,,,4/1/2025
Tanzanite,10204772,49505,SN0410,3,2/15/2025,0,,,,1,3/31/2025,0,,,,4/1/2025
Tanzanite,10204773,49505,SN0411,2,2/15/2025,,,,,,,,,,,3/31/2025
Tanzanite,10204774,49505,SN0412,2,2/15/2025,0,,,,4,3/27/2025,0,,,,3/31/2025
Tanzanite,10204775,49505,SN0413,2,2/15/2025,0,,,,4,3/31/2025,0,,,,4/1/2025
Tanzanite,10204776,49505,SN0414,2,2/15/2025,0,,,,2,3/27/2025,0,,,,3/31/2025
Tanzanite,10204777,49505,SN0415,2,2/18/2025,0,,,,6,4/7/2025,0,,,,3/31/2025
Tanzanite,10204778,49505,SN0416,2,2/18/2025,0,,,,6,3/27/2025,0,,,,3/31/2025
Tanzanite,10204779,49505,SN0417,3,2/18/2025,1,3/3/2025,3/4/2025,3/6/2025,0,,0,,,,4/10/2025
Tanzanite,10204780,49505,SN0418,3,2/18/2025,2,3/11/2025,3/11/2025,3/13/2025,3,5/1/2025,0,,,,5/7/2025
Tanzanite,10204781,49505,SN0419,3,2/18/2025,2,3/11/2025,3/11/2025,3/13/2025,3,4/12/2025,0,5/12/2025,5/13/2025,5/15/2025,5/16/2025
Tanzanite,10204782,49505,SN0420,3,2/18/2025,2,3/5/2025,3/6/2025,3/10/2025,0,,,,,,4/10/2025
Tanzanite,10204783,49505,SN0421,3,2/19/2025,0,3/12/2025,3/13/2025,3/13/2025,2,5/1/2025,0,,,,4/17/2025
Tanzanite,10204784,49505,SN0422,3,2/19/2025,1,3/11/2025,3/11/2025,3/13/2025,3,4/14/2025,0,,,,4/17/2025
Tanzanite,10204785,49505,SN0423,3,2/19/2025,3,3/14/2025,3/18/2025,3/20/2025,0,,,,,,4/28/2025
Tanzanite,10204786,49505,SN0424,3,2/19/2025,4,3/3/2025,3/5/2025,3/7/2025,2,4/29/2025,0,,,,4/30/2025
Tanzanite,10204787,49505,SN0425,2,2/19/2025,0,,,,4,3/27/2025,0,,,,3/31/2025
Tanzanite,10204788,49505,SN0426,3,2/19/2025,1,3/4/2025,3/4/2025,3/6/2025,3,4/15/2025,0,,,,4/17/2025
Tanzanite,10204789,49505,SN0427,2,2/20/2025,1,2/27/2025,2/27/2025,3/3/2025,1,4/12/2025,1,5/13/2025,5/14/2025,5/16/2025,5/22/2025
Tanzanite,10204790,49505,SN0428,2,2/20/2025,0,,,,4,3/27/2025,0,,,,3/31/2025
Tanzanite,10204791,49505,SN0429,2,2/20/2025,0,,,,7,3/27/2025,0,,,,3/31/2025
Tanzanite,10204792,49505,SN0430,2,2/20/2025,0,,,,26,3/27/2025,0,,,,3/31/2025
Tanzanite,10204793,49505,SN0431,2,2/20/2025,0,,,,4,3/27/2025,0,,,,3/31/2025
Tanzanite,10204794,49505,SN0432,2,2/20/2025,0,,,,1,4/7/2025,0,,,,3/31/2025
Tanzanite,10204795,49505,SN0433,2,2/21/2025,0,,,,2,3/27/2025,0,,,,3/31/2025
Tanzanite,10204796,49505,SN0434,2,2/21/2025,0,,,,6,3/31/2025,0,,,,4/2/2025
Tanzanite,10204797,49505,SN0435,2,2/21/2025,,,,,,,,,,,3/31/2025
Tanzanite,10204798,49505,SN0436,2,2/22/2025,0,,,,3,3/31/2025,0,,,,4/1/2025
Tanzanite,10204799,49505,SN0437,2,2/22/2025,0,,,,6,4/12/2025,0,,,,4/17/2025
Tanzanite,10204800,49505,SN0438,2,2/22/2025,0,,,,0,,0,,,,4/1/2025
Tanzanite,10204801,49505,SN0439,2,2/22/2025,0,,,,2,4/12/2025,0,,,,4/17/2025
Tanzanite,10204802,49505,SN0440,2,2/22/2025,0,,,,6,4/12/2025,0,,,,4/17/2025
Tanzanite,10204803,49505,SN0441,2,2/22/2025,0,,,,1,4/12/2025,0,,,,4/17/2025
Tanzanite,10204804,49505,SN0442,3,2/22/2025,0,,,,2,4/12/2025,0,,,,4/17/2025
Tanzanite,10204805,49505,SN0443,2,2/22/2025,0,,,,4,4/12/2025,0,,,,4/17/2025
Tanzanite,10204806,49505,SN0444,2,2/22/2025,0,,,,1,4/12/2025,,,,,4/17/2025
Tanzanite,10204807,49505,SN0445,2,2/25/2025,0,,,,0,,,,,,4/10/2025
Tanzanite,10204808,49505,SN0446,3,2/25/2025,1,3/17/2025,3/19/2025,3/22/2025,6,4/29/2025,0,,,,4/30/2025
Tanzanite,10204809,49505,SN0447,2,2/25/2025,0,,,,1,4/12/2025,0,,,,4/17/2025
Tanzanite,10204810,49505,SN0448,2,2/25/2025,0,,,,5,4/12/2025,0,,,,4/17/2025
Tanzanite,10204811,49505,SN0449,3,2/25/2025,0,,,,2,4/12/2025,,,,,4/17/2025
Tanzanite,10204812,49505,SN0450,3,2/25/2025,0,,,,0,,0,,,,4/10/2025
Tanzanite,10204813,49505,SN0451,2,3/3/2025,0,,,,0,,,,,,4/10/2025
Tanzanite,10204814,49505,SN0452,2,3/3/2025,0,,,,4,4/12/2025,0,,,,4/17/2025
Tanzanite,10204815,49505,SN0453,2,3/5/2025,0,,,,13,4/12/2025,0,,,,4/17/2025
Tanzanite,10204816,49505,SN0454,2,2/26/2025,0,,,,10,4/12/2025,,,,,4/17/2025
Tanzanite,10204817,49505,SN0455,2,2/26/2025,1,3/5/2025,3/5/2025,3/7/2025,9,4/12/2025,2,6/13/2025,6/13/2025,6/17/2025,6/27/2025
Tanzanite,10204818,49505,SN0456,3,2/26/2025,0,,,,13,4/12/2025,0,,,,4/17/2025
Tanzanite,10204819,49505,SN0457,2,2/27/2025,0,,,,4,4/12/2025,,,,,4/17/2025
Tanzanite,10204820,49505,SN0458,3,2/27/2025,0,,,,5,4/12/2025,0,,,,4/17/2025
Tanzanite,10204821,49505,SN0459,3,2/27/2025,1,3/7/2025,3/11/2025,3/17/2025,2,4/12/2025,0,,,,4/17/2025
Tanzanite,10204822,49505,SN0460,2,2/27/2025,0,,,,1,4/12/2025,0,,,,4/17/2025
Tanzanite,10205533,49505,SN0461,2,2/27/2025,0,,,,8,4/12/2025,0,,,,4/17/2025
Tanzanite,10205534,49505,SN0462,2,2/27/2025,0,,,,8,4/12/2025,0,,,,4/17/2025
Tanzanite,10205535,49505,SN0463,2,3/7/2025,0,,,,2,4/12/2025,0,,,,4/17/2025
Tanzanite,10205536,49505,SN0464,2,3/12/2025,0,,,,5,4/12/2025,0,,,,4/17/2025
Tanzanite,10205537,49505,SN0465,2,3/12/2025,0,,,,4,4/12/2025,0,,,,4/17/2025
Tanzanite,10205538,49505,SN0466,2,3/1/2025,0,,,,2,4/12/2025,0,,,,4/17/2025
Tanzanite,10205539,49505,SN0467,2,3/1/2025,0,,,,8,4/12/2025,0,,,,4/17/2025
Tanzanite,10205540,49505,SN0468,2,3/1/2025,0,,,,0,4/12/2025,0,,,,4/17/2025
Tanzanite,10205541,49505,SN0469,2,3/1/2025,,,,,,,,,,,4/28/2025
Tanzanite,10205542,49505,SN0470,2,3/1/2025,0,,,,0,,,,,,4/28/2025
Tanzanite,10205543,49505,SN0471,3,3/1/2025,0,,,,0,,,,,,4/28/2025
Tanzanite,10205544,49505,SN0472,2,3/1/2025,0,,,,1,4/29/2025,0,,,,4/30/2025
Tanzanite,10205545,49505,SN0473,2,3/1/2025,0,,,,1,4/29/2025,,,,,4/30/2025
Tanzanite,10205546,49505,SN0474,3,3/1/2025,2,3/14/2025,3/18/2025,3/20/2025,1,5/8/2025,0,,,,5/12/2025
Tanzanite,10205547,49505,SN0475,2,3/4/2025,1,3/17/2025,3/18/2025,3/20/2025,1,4/29/2025,1,6/4/2025,6/13/2025,6/17/2025,6/27/2025
Tanzanite,10205548,49505,SN0476,2,3/4/2025,0,,,,2,4/29/2025,0,,,,4/30/2025
Tanzanite,10205549,49505,SN0477,3,3/4/2025,2,3/14/2025,3/18/2025,3/20/2025,2,5/8/2025,,,,,5/12/2025
Tanzanite,10205550,49505,SN0478,2,3/4/2025,0,,,,0,5/8/2025,,,,,4/28/2025
Tanzanite,10205551,49505,SN0479,3,3/4/2025,0,,,,0,,0,,,,4/28/2025
Tanzanite,10205552,49505,SN0480,3,3/4/2025,,,,,,,,,,,4/28/2025
Tanzanite,10205965,49505,SN0481,2,3/5/2025,0,,,,0,,,,,,4/28/2025
Tanzanite,10205966,49505,SN0482,2,3/5/2025,0,,,,3,4/29/2025,0,,,,4/30/2025
Tanzanite,10205967,49505,SN0483,2,3/5/2025,11,3/15/2025,3/18/2025,3/20/2025,0,,1,,,,
Tanzanite,10205968,49505,SN0484,2,3/5/2025,0,,,,1,4/29/2025,0,,,,4/30/2025
Tanzanite,10205969,49505,SN0485,3,3/5/2025,0,,,,4,4/29/2025,0,,,,4/30/2025
Tanzanite,10205970,49505,SN0486,2,3/5/2025,0,,,,0,,,,,,4/28/2025
Tanzanite,10205971,49505,SN0487,3,3/6/2025,0,,,,2,4/29/2025,0,,,,4/30/2025
Tanzanite,10205972,49505,SN0488,3,3/6/2025,0,,,,3,4/29/2025,0,,,,5/7/2025
Tanzanite,10205973,49505,SN0489,3,3/6/2025,0,,,,3,5/1/2025,0,,,,5/7/2025
Tanzanite,10205561,49505,SN0489,3,,,,,,,,,,,,
Tanzanite,10205974,49505,SN0490,3,3/6/2025,0,,,,2,4/29/2025,,,,,4/30/2025
Tanzanite,10205975,49505,SN0491,3,3/6/2025,0,,,,0,,0,,,,4/28/2025
Tanzanite,10205976,49505,SN0492,2,3/6/2025,0,,,,0,,0,,,,4/28/2025
Tanzanite,10205977,49505,SN0493,2,3/7/2025,0,,,,0,,,,,,4/28/2025
Tanzanite,10205978,49505,SN0494,3,3/7/2025,1,3/19/2025,3/19/2025,3/22/2025,4,4/29/2025,0,,,,4/30/2025
Tanzanite,10205979,49505,SN0495,2,3/7/2025,0,,,,0,4/29/2025,2,6/10/2025,6/13/2025,6/17/2025,6/27/2025
Tanzanite,10205980,49505,SN0496,2,3/8/2025,0,,,,1,4/29/2025,,,,,4/30/2025
Tanzanite,10205568,49505,SN0496,3,,,,,,,,,,,,
Tanzanite,10205981,49505,SN0497,3,3/8/2025,0,,,,1,4/29/2025,0,,,,4/30/2025
Tanzanite,10205982,49505,SN0498,3,3/8/2025,0,,,,9,4/29/2025,0,,,,4/30/2025
Tanzanite,10205983,49505,SN0499,2,3/8/2025,0,,,,1,,0,,,,4/28/2025
Tanzanite,10205984,49505,SN0500,3,3/8/2025,0,,,,0,,0,,,,4/28/2025
Tanzanite,10206043,49505,SN0501,3,3/8/2025,0,,,,2,4/29/2025,0,,,,4/30/2025
Tanzanite,10206044,49505,SN0502,3,3/8/2025,0,,,,1,4/29/2025,0,,,,4/30/2025
Tanzanite,10206045,49505,SN0503,3,3/8/2025,0,,,,1,4/29/2025,0,,,,4/30/2025
Tanzanite,10206046,49505,SN0504,3,3/8/2025,0,,,,1,4/29/2025,0,,,,4/30/2025
Tanzanite,10206047,49505,SN0505,3,3/11/2025,1,3/18/2025,3/19/2025,3/22/2025,3,4/29/2025,,,,,4/30/2025
Tanzanite,10206048,49505,SN0506,2,3/11/2025,0,,,,0,,0,,,,4/28/2025
Tanzanite,10206049,49505,SN0507,2,3/11/2025,0,,,,3,5/8/2025,,,,,5/12/2025
Tanzanite,10206050,49505,SN0508,2,3/11/2025,0,,,,1,5/8/2025,0,,,,5/12/2025
Tanzanite,10206051,49505,SN0509,2,3/11/2025,0,,,,0,,,,,,5/12/2025
Tanzanite,10206052,49505,SN0510,3,3/11/2025,0,,,,7,5/8/2025,0,,,,5/12/2025
Tanzanite,10206053,49505,SN0511,2,3/12/2025,0,,,,1,5/8/2025,0,,,,5/12/2025
Tanzanite,10206054,49505,SN0512,3,3/12/2025,0,,,,3,5/8/2025,0,,,,5/12/2025
Tanzanite,10206055,49505,SN0513,3,3/12/2025,1,3/20/2025,3/21/2025,3/24/2025,3,5/7/2025,0,,,,5/8/2025
Tanzanite,10206056,49505,SN0514,3,3/12/2025,1,3/21/2025,3/24/2025,3/26/2025,1,5/8/2025,0,,,,5/8/2025
Tanzanite,10206057,49505,SN0515,3,3/12/2025,1,3/21/2025,3/24/2025,3/26/2025,9,5/7/2025,0,,,,5/8/2025
Tanzanite,10206058,49505,SN0516,3,3/12/2025,0,,,,5,5/7/2025,0,,,,5/8/2025
Tanzanite,10206059,49505,SN0517,3,3/13/2025,1,4/3/2025,4/3/2025,4/7/2025,10,5/7/2025,0,,,,5/8/2025
Tanzanite,10206060,49505,SN0518,3,3/13/2025,0,,,,12,5/15/2025,0,,,,5/16/2025
Tanzanite,10206061,49505,SN0519,3,3/13/2025,0,,,,2,5/8/2025,0,,,,5/12/2025
Tanzanite,10206062,49505,SN0520,3,3/13/2025,1,3/24/2025,3/25/2025,3/27/2025,4,5/8/2025,0,,,,5/12/2025
Tanzanite,10206200,49505,SN0521,2,3/13/2025,0,,,,4,5/16/2025,0,,,,5/12/2025
Tanzanite,10206201,49505,SN0522,3,3/13/2025,0,,,,6,5/8/2025,0,,,,5/12/2025
Tanzanite,10206202,49505,SN0523,3,3/14/2025,1,3/24/2025,3/25/2025,3/27/2025,10,5/8/2025,0,,,,5/12/2025
Tanzanite,10206203,49505,SN0524,2,3/14/2025,0,,,,0,,,,,,5/12/2025
Tanzanite,10206204,49505,SN0525,3,3/14/2025,0,,,,2,5/8/2025,0,,,,5/12/2025
Tanzanite,10206205,49505,SN0526,3,3/14/2025,0,,,,6,5/8/2025,0,,,,5/12/2025
Tanzanite,10206206,49505,SN0527,2,3/14/2025,0,,,,4,5/7/2025,0,,,,5/8/2025
Tanzanite,10206207,49505,SN0528,3,3/14/2025,1,3/31/2025,4/1/2025,4/3/2025,0,,0,,,,6/4/2025
Tanzanite,10205600,49505,SN0528,3,,,,,,,,,,,,5/8/2025
Tanzanite,10206208,49505,SN0529,3,3/15/2025,0,,,,5,5/7/2025,0,,,,5/8/2025
Tanzanite,10206209,49505,SN0530,3,3/15/2025,1,3/31/2025,4/1/2025,4/3/2025,2,5/7/2025,0,,,,5/8/2025
Tanzanite,10206210,49505,SN0531,3,3/15/2025,3,3/31/2025,4/1/2025,4/3/2025,0,,,,,,5/20/2025
Tanzanite,10206211,49505,SN0532,3,3/15/2025,0,,,,2,5/7/2025,0,,,,5/8/2025
Tanzanite,10206212,49505,SN0533,3,3/15/2025,0,,,,1,5/7/2025,0,,,,5/8/2025
Tanzanite,10206213,49505,SN0534,3,3/15/2025,2,4/8/2025,4/8/2025,4/10/2025,1,5/21/2025,0,,,,5/22/2025
Tanzanite,10206214,49505,SN0535,3,3/18/2025,0,,,,10,5/7/2025,0,,,,5/8/2025
Tanzanite,10206215,49505,SN0536,3,3/18/2025,0,,,,0,,,,,,5/8/2025
Tanzanite,10206216,49505,SN0537,2,3/18/2025,0,,,,3,5/7/2025,0,,,,5/8/2025
Tanzanite,10206217,49505,SN0538,2,3/18/2025,0,,,,2,5/8/2025,0,,,,5/12/2025
Tanzanite,10205610,49505,SN0538,3,,,,,,,,,,,,
Tanzanite,10206218,49505,SN0539,3,3/18/2025,1,4/1/2025,4/1/2025,4/3/2025,0,,,,,,5/12/2025
Tanzanite,10205611,49505,SN0539,3,,,,,,,,,,,,
Tanzanite,10206219,49505,SN0540,2,3/18/2025,0,,,,11,5/16/2025,0,,,,5/12/2025
Tanzanite,10205612,49505,SN0540,3,,,,,,,,,,,,
Tanzanite,10206388,49505,SN0541,2,3/19/2025,0,,,,1,5/8/2025,0,,,,5/12/2025
Tanzanite,10205613,49505,SN0541,3,,,,,,,,,,,,
Tanzanite,10206389,49505,SN0542,2,3/19/2025,0,,,,2,5/9/2025,0,,,,5/12/2025
Tanzanite,10205614,49505,SN0542,3,,,,,,,,,,,,
Tanzanite,10206390,49505,SN0543,2,3/19/2025,0,,,,0,,0,,,,5/12/2025
Tanzanite,10205615,49505,SN0543,3,,,,,,,,,,,,
Tanzanite,10206391,49505,SN0544,2,3/19/2025,0,,,,3,5/15/2025,0,,,,5/16/2025
Tanzanite,10205616,49505,SN0544,3,,,,,,,,,,,,
Tanzanite,10206392,49505,SN0545,2,3/19/2025,0,,,,5,5/8/2025,0,,,,5/12/2025
Tanzanite,10205617,49505,SN0545,3,,,,,,,,,,,,
Tanzanite,10206393,49505,SN0546,2,3/19/2025,1,4/18/2025,4/18/2025,4/22/2025,1,6/3/2025,0,,,,6/3/2025
Tanzanite,10205618,49505,SN0546,3,,,,,,,,,,,,
Tanzanite,10206394,49505,SN0547,2,3/20/2025,0,,,,0,,0,,,,5/20/2025
Tanzanite,10205619,49505,SN0547,3,,,,,,,,,,,,
Tanzanite,10206395,49505,SN0548,2,3/20/2025,0,,,,2,5/21/2025,0,,,,5/22/2025
Tanzanite,10205620,49505,SN0548,3,,,,,,,,,,,,
Tanzanite,10206396,49505,SN0549,3,3/20/2025,0,,,,1,5/21/2025,0,,,,5/22/2025
Tanzanite,10205621,49505,SN0549,3,,,,,,,,,,,,
Tanzanite,10206397,49505,SN0550,3,3/20/2025,0,,,,2,5/22/2025,0,,,,5/22/2025
Tanzanite,10205622,49505,SN0550,3,,,,,,,,,,,,
Tanzanite,10206398,49505,SN0551,3,3/20/2025,0,,,,3,5/21/2025,0,,,,5/22/2025
Tanzanite,10205623,49505,SN0551,3,,,,,,,,,,,,
Tanzanite,10206399,49505,SN0552,3,3/20/2025,2,4/7/2025,4/4/2025,4/10/2025,3,5/21/2025,0,,,,5/22/2025
Tanzanite,10205624,49505,SN0552,3,,,,,,,,,,,,
Tanzanite,10206400,49505,SN0553,3,3/21/2025,1,4/3/2025,4/4/2025,4/8/2025,3,5/21/2025,0,,,,5/22/2025
Tanzanite,10206401,49505,SN0554,3,3/21/2025,0,,,,2,5/21/2025,0,,,,5/22/2025
Tanzanite,10206402,49505,SN0555,2,3/21/2025,3,4/11/2025,4/14/2025,4/16/2025,4,6/4/2025,,,,,6/5/2025
Tanzanite,10206403,49505,SN0556,3,3/21/2025,0,,,,9,5/22/2025,0,,,,5/22/2025
Tanzanite,10206404,49505,SN0557,2,3/21/2025,2,4/17/2025,4/18/2025,4/22/2025,0,,0,,,,5/31/2025
Tanzanite,10206405,49505,SN0558,3,3/21/2025,0,,,,0,,0,,,,5/20/2025
Tanzanite,10206406,49505,SN0559,3,3/22/2025,2,4/2/2025,4/3/2025,4/7/2025,3,5/21/2025,0,,,,5/22/2025
Tanzanite,10206407,49505,SN0560,3,3/22/2025,0,,,,0,,0,,,,5/20/2025
Tanzanite,10206647,49505,SN0561,2,3/22/2025,4,5/14/2025,5/14/2025,5/16/2025,0,7/15/2025,,,,,6/18/2025
Tanzanite,10206648,49505,SN0562,3,3/22/2025,0,,,,5,5/22/2025,0,,,,5/22/2025
Tanzanite,10206649,49505,SN0563,3,3/22/2025,0,4/16/2025,4/16/2025,4/18/2025,1,5/21/2025,0,,,,5/22/2025
Tanzanite,10206650,49505,SN0564,3,3/22/2025,1,4/4/2025,4/4/2025,4/8/2025,2,5/22/2025,0,,,,5/22/2025
Tanzanite,10206651,49505,SN0565,2,3/25/2025,0,,,,17,5/28/2025,,,,,6/4/2025
Tanzanite,10206652,49505,SN0566,2,3/25/2025,0,,,,0,,,,,,5/20/2025
Tanzanite,10206653,49505,SN0567,2,3/25/2025,2,4/8/2025,4/8/2025,4/10/2025,2,5/22/2025,0,6/17/2025,6/27/2025,7/1/2025,7/15/2025
Tanzanite,10206654,49505,SN0568,2,3/25/2025,0,,,,9,5/28/2025,0,,,,6/3/2025
Tanzanite,10206655,49505,SN0569,2,3/25/2025,0,,,,0,,0,,,,5/20/2025
Tanzanite,10206656,49505,SN0570,3,3/25/2025,0,,,,0,,0,,,,5/20/2025
Tanzanite,10206657,49505,SN0571,2,4/21/2025,1,4/15/2025,4/15/2025,4/17/2025,6,5/28/2025,,,,,6/3/2025
Tanzanite,10206658,49505,SN0572,3,4/22/2025,1,4/18/2025,4/21/2025,4/23/2025,0,,0,,,,5/31/2025
Tanzanite,10206659,49505,SN0573,2,4/7/2025,0,,,,1,5/22/2025,0,,,,5/22/2025
Tanzanite,10206660,49505,SN0574,2,4/7/2025,0,,,,0,,0,,,,5/22/2025
Tanzanite,10206661,49505,SN0575,3,4/4/2025,0,,,,1,5/22/2025,,,,,5/22/2025
Tanzanite,10206662,49505,SN0576,2,4/4/2025,,,,,,,,,,,5/22/2025
Tanzanite,10206663,49505,SN0577,3,3/27/2025,0,,,,0,,0,,,,5/20/2025
Tanzanite,10206664,49505,SN0578,3,3/27/2025,0,,,,0,,0,,,,5/20/2025
Tanzanite,10206665,49505,SN0579,2,3/27/2025,0,,,,4,5/21/2025,0,6/3/2025,6/9/2025,6/11/2025,6/18/2025
Tanzanite,10206666,49505,SN0580,2,3/27/2025,4,4/24/2025,4/24/2025,4/26/2025,0,,0,,,,6/18/2025
Tanzanite,10206719,49505,SN0581,2,3/27/2025,2,4/22/2025,4/24/2025,4/28/2025,0,,,,,,5/31/2025
Tanzanite,10206720,49505,SN0582,2,3/27/2025,0,,,,2,5/21/2025,0,,,,5/22/2025
Tanzanite,10206721,49505,SN0583,2,3/28/2025,,,,,,,,,,,5/20/2025
Tanzanite,10206722,49505,SN0584,3,3/28/2025,0,,,,1,5/21/2025,,,,,5/22/2025
Tanzanite,10206723,49505,SN0585,2,3/28/2025,0,,,,0,,0,,,,5/20/2025
Tanzanite,10206724,49505,SN0586,2,3/29/2025,0,,,,2,5/21/2025,0,,,,5/22/2025
Tanzanite,10206725,49505,SN0587,2,3/29/2025,0,,,,0,,0,,,,5/31/2025
Tanzanite,10206726,49505,SN0588,2,3/29/2025,0,,,,0,,,,,,5/31/2025
Tanzanite,10206727,49505,SN0589,2,3/29/2025,0,,,,1,6/3/2025,0,,,,6/3/2025
Tanzanite,10206728,49505,SN0590,2,3/29/2025,0,,,,0,,,,,,5/20/2025
Tanzanite,10206729,49505,SN0591,2,3/29/2025,1,4/15/2025,4/15/2025,4/17/2025,1,6/13/2025,0,,,,5/31/2025
Tanzanite,10206730,49505,SN0592,2,3/29/2025,2,4/15/2025,4/15/2025,4/17/2025,0,,0,,,,5/20/2025
Tanzanite,10206731,49505,SN0593,2,3/29/2025,0,,,,0,6/3/2025,1,,,,6/3/2025
Tanzanite,10206732,49505,SN0594,2,3/29/2025,,,,,,,,,,,5/31/2025
Tanzanite,10206733,49505,SN0595,2,4/1/2025,,,,,,,,,,,5/31/2025
Tanzanite,10206734,49505,SN0596,2,4/1/2025,2,4/15/2025,4/15/2025,4/17/2025,4,6/3/2025,0,,,,6/3/2025
Tanzanite,10206735,49505,SN0597,2,4/3/2025,0,,,,1,6/3/2025,0,,,,6/3/2025
Tanzanite,10206736,49505,SN0598,2,4/1/2025,0,,,,4,6/3/2025,0,,,,6/4/2025
Tanzanite,10206737,49505,SN0599,2,4/1/2025,0,,,,3,6/3/2025,0,,,,6/3/2025
Tanzanite,10206738,49505,SN0600,2,4/1/2025,1,4/15/2025,4/15/2025,4/17/2025,0,,,,,,5/31/2025
Tanzanite,10206739,49505,SN0601,2,4/1/2025,0,,,,2,6/3/2025,0,,,,6/3/2025
Tanzanite,10206740,49505,SN0602,2,4/2/2025,1,4/15/2025,4/15/2025,4/17/2025,0,,,,,,5/31/2025
Tanzanite,10206741,49505,SN0603,2,4/2/2025,1,4/15/2025,4/15/2025,4/17/2025,2,6/3/2025,0,,,,6/3/2025
Tanzanite,10206742,49505,SN0604,2,4/2/2025,0,,,,1,6/3/2025,0,,,,6/3/2025
Tanzanite,10206743,49505,SN0605,2,4/2/2025,0,,,,2,6/3/2025,0,,,,6/3/2025
Tanzanite,10206744,49505,SN0606,2,4/2/2025,1,5/5/2025,5/6/2025,5/8/2025,1,6/17/2025,0,,,,6/18/2025
Tanzanite,10206745,49505,SN0607,2,4/2/2025,,,,,,6/3/2025,,,,,6/3/2025
Tanzanite,10206746,49505,SN0608,2,4/3/2025,0,,,,0,,0,,,,5/31/2025
Tanzanite,10206747,49505,SN0609,2,4/3/2025,1,5/6/2025,5/7/2025,5/9/2025,1,6/17/2025,0,,,,6/18/2025
Tanzanite,10206748,49505,SN0610,2,4/3/2025,0,,,,4,6/3/2025,0,,,,6/3/2025
Tanzanite,10206749,49505,SN0611,2,4/3/2025,0,,,,1,6/3/2025,0,,,,6/3/2025
Tanzanite,10206750,49505,SN0612,2,4/3/2025,0,,,,2,6/3/2025,0,,,,6/3/2025
Tanzanite,10206751,49505,SN0613,2,4/4/2025,0,,,,0,,0,,,,6/4/2025
Tanzanite,10206752,49505,SN0614,2,4/4/2025,3,4/15/2025,4/16/2025,4/18/2025,0,,0,,,,6/4/2025
Tanzanite,10206753,49505,SN0615,2,4/4/2025,1,4/30/2025,4/30/2025,5/5/2025,2,6/3/2025,0,,,,6/4/2025
Tanzanite,10206754,49505,SN0616,2,4/4/2025,0,,,,0,,1,,,,6/4/2025
Tanzanite,10206755,49505,SN0617,2,4/4/2025,0,,,,1,6/3/2025,0,,,,6/4/2025
Tanzanite,10206756,49505,SN0618,2,4/4/2025,0,,,,4,6/3/2025,0,,,,6/4/2025
Tanzanite,10206757,49505,SN0619,2,4/7/2025,1,5/5/2025,5/6/2025,5/8/2025,0,,,,,,6/18/2025
Tanzanite,10206758,49505,SN0620,2,4/7/2025,2,4/16/2025,4/21/2025,4/23/2025,3,6/17/2025,0,,,,6/18/2025
Tanzanite,10206896,49505,SN0621,2,4/7/2025,0,,,,2,6/3/2025,0,,,,6/4/2025
Tanzanite,10206897,49505,SN0622,2,4/7/2025,1,4/17/2025,4/21/2025,4/23/2025,0,,0,,,,6/4/2025
Tanzanite,10206898,49505,SN0623,2,4/7/2025,1,4/16/2025,4/16/2025,4/18/2025,1,6/3/2025,0,,,,6/4/2025
Tanzanite,10206899,49505,SN0624,2,4/7/2025,,,,,,6/3/2025,,,,,6/4/2025
Tanzanite,10206900,49505,SN0625,2,4/8/2025,1,4/16/2025,4/16/2025,4/18/2025,0,6/3/2025,0,,,,6/4/2025
Tanzanite,10206901,49505,SN0626,2,4/8/2025,0,,,,0,,,,,,6/5/2025
Tanzanite,10206902,49505,SN0627,2,4/8/2025,,,,,,,,,,,6/18/2025
Tanzanite,10206903,49505,SN0628,2,4/8/2025,0,,,,0,6/24/2025,,,,,6/18/2025
Tanzanite,10206904,49505,SN0629,2,4/8/2025,0,,,,0,6/3/2025,,,,,6/4/2025
Tanzanite,10206905,49505,SN0630,2,4/9/2025,,,,,,6/17/2025,,,,,6/18/2025
Tanzanite,10206906,49505,SN0631,2,4/9/2025,1,4/18/2025,4/21/2025,4/23/2025,0,6/17/2025,,,,,6/18/2025
Tanzanite,10206907,49505,SN0632,2,4/9/2025,1,4/21/2025,4/23/2025,4/25/2025,0,,,,,,6/18/2025
Tanzanite,10206908,49505,SN0633,2,4/9/2025,1,4/22/2025,4/23/2025,4/25/2025,0,6/17/2025,,,,,6/18/2025
Tanzanite,10206909,49505,SN0634,2,4/9/2025,0,,,,0,6/17/2025,,,,,6/18/2025
Tanzanite,10206910,49505,SN0635,2,4/9/2025,,,,,,,,,,,6/16/2025
Tanzanite,10206911,49505,SN0636,2,4/10/2025,1,4/21/2025,4/23/2025,4/25/2025,0,6/17/2025,,,,,7/2/2025
Tanzanite,10206912,49505,SN0637,2,4/10/2025,,,,,,,,,,,6/16/2025
Tanzanite,10206913,49505,SN0638,2,4/10/2025,1,4/21/2025,4/21/2025,4/23/2025,0,6/17/2025,,,,,6/18/2025
Tanzanite,10206914,49505,SN0639,2,4/16/2025,,,,,,,,,,,6/16/2025
Tanzanite,10206915,49505,SN0640,2,4/16/2025,,,,,,,,,,,6/16/2025
Tanzanite,10206916,49505,SN0641,2,4/16/2025,1,4/21/2025,4/21/2025,4/23/2025,0,6/17/2025,,,,,6/18/2025
Tanzanite,10206917,49505,SN0642,2,4/18/2025,1,4/22/2025,4/23/2025,4/25/2025,0,6/17/2025,,,,,6/18/2025
Tanzanite,10206918,49505,SN0643,2,4/18/2025,,,,,,6/17/2025,,,,,6/18/2025
Tanzanite,10206919,49505,SN0644,2,4/18/2025,1,4/24/2025,4/24/2025,4/28/2025,0,6/17/2025,,,,,6/18/2025
Tanzanite,10206920,49505,SN0645,2,4/11/2025,1,5/5/2025,5/6/2025,5/8/2025,0,7/1/2025,,,,,7/9/2025
Tanzanite,10207064,49505,SN0646,2,4/11/2025,2,4/22/2025,4/23/2025,4/25/2025,1,6/30/2025,,,,,7/9/2025
Tanzanite,10207065,49505,SN0647,2,4/11/2025,,,,,,6/17/2025,,,,,6/18/2025
Tanzanite,10207066,49505,SN0648,2,4/12/2025,,,,,,6/25/2025,,,,,6/16/2025
Tanzanite,10207067,49505,SN0649,2,4/12/2025,0,,,,0,,0,,,,6/16/2025
Tanzanite,10207068,49505,SN0650,2,4/12/2025,1,4/25/2025,4/29/2025,5/1/2025,0,,,,,,6/16/2025
Tanzanite,10207069,49505,SN0651,2,4/12/2025,0,,,,0,,,,,,6/16/2025
Tanzanite,10207070,49505,SN0652,2,4/12/2025,0,,,,0,,1,,,,6/16/2025
Tanzanite,10207071,49505,SN0653,2,4/16/2025,,,,,,,,,,,6/16/2025
Tanzanite,10207072,49505,SN0654,2,4/12/2025,1,4/25/2025,4/28/2025,4/30/2025,0,,,,,,6/27/2025
Tanzanite,10207073,49505,SN0655,2,4/16/2025,,,,,,6/17/2025,,,,,6/18/2025
Tanzanite,10207074,49505,SN0656,2,4/16/2025,2,5/22/2025,5/27/2025,5/29/2025,2,6/30/2025,,,,,7/9/2025
Tanzanite,10207075,49505,SN0657,2,4/16/2025,,,,,,6/17/2025,,,,,6/18/2025
Tanzanite,10207076,49505,SN0658,2,4/16/2025,,,,,,,,,,,6/16/2025
Tanzanite,10207077,49505,SN0659,2,4/16/2025,0,,,,0,6/17/2025,,,,,6/18/2025
Tanzanite,10207078,49505,SN0660,2,4/16/2025,0,,,,0,,,,,,6/16/2025
Tanzanite,10207079,49505,SN0661,2,4/16/2025,0,,,,0,,,,,,6/16/2025
Tanzanite,10207080,49505,SN0662,2,4/16/2025,1,4/28/2025,4/28/2025,4/30/2025,0,6/17/2025,,,,,6/18/2025
Tanzanite,10207081,49505,SN0663,2,4/16/2025,0,,,,0,6/17/2025,0,,,,6/18/2025
Tanzanite,10207082,49505,SN0664,2,4/16/2025,1,4/28/2025,4/28/2025,4/30/2025,0,,,,,,6/27/2025
Tanzanite,10207083,49505,SN0665,2,4/16/2025,0,,,,0,,,,,,6/27/2025
Tanzanite,10207422,49505,SN0666,2,4/21/2025,1,4/28/2025,4/28/2025,5/2/2025,0,,0,,,,6/27/2025
Tanzanite,10207423,49505,SN0667,2,4/21/2025,,,,,,,,,,,6/27/2025
Tanzanite,10207424,49505,SN0668,2,4/21/2025,0,,,,1,6/30/2025,0,,,,7/9/2025
Tanzanite,10207425,49505,SN0669,2,4/17/2025,0,,,,3,6/30/2025,,,,,7/7/2025
Tanzanite,10207426,49505,SN0670,2,4/17/2025,0,,,,1,,,,,,6/27/2025
Tanzanite,10207427,49505,SN0671,2,4/17/2025,0,,,,0,,,,,,6/27/2025
Tanzanite,10207428,49505,SN0672,2,4/18/2025,0,,,,0,6/30/2025,0,,,,7/7/2025
Tanzanite,10207429,49505,SN0673,2,4/18/2025,1,4/28/2025,4/29/2025,5/1/2025,0,6/30/2025,,,,,7/7/2025
Tanzanite,10207430,49505,SN0674,2,4/18/2025,2,4/29/2025,4/29/2025,5/1/2025,1,,,,,,7/9/2025
Tanzanite,10207431,49505,SN0675,2,4/21/2025,0,5/1/2025,5/2/2025,5/5/2025,2,,,,,,7/9/2025
Tanzanite,10207432,49505,SN0676,2,4/21/2025,,,,,,,,,,,6/27/2025
Tanzanite,10207433,49505,SN0677,2,4/21/2025,,,,,,,,,,,6/27/2025
Tanzanite,10207434,49505,SN0678,2,4/21/2025,0,,,,4,7/1/2025,,,,,7/9/2025
Tanzanite,10207435,49505,SN0679,2,4/21/2025,0,,,,0,,,,,,6/27/2025
Tanzanite,10207436,49505,SN0680,2,4/21/2025,0,,,,1,,,,,,7/9/2025
Tanzanite,10207437,49505,SN0681,2,4/21/2025,0,,,,0,,,,,,6/27/2025
Tanzanite,10207438,49505,SN0682,2,4/21/2025,0,,,,5,6/30/2025,,,,,7/9/2025
Tanzanite,10207439,49505,SN0683,2,4/21/2025,0,,,,1,6/30/2025,,,,,7/9/2025
Tanzanite,10207440,49505,SN0684,2,4/22/2025,0,,,,3,6/30/2025,,,,,7/9/2025
Tanzanite,10207441,49505,SN0685,2,4/22/2025,0,,,,1,6/30/2025,,,,,7/7/2025
Tanzanite,10207442,49505,SN0686,2,4/22/2025,,,,,,6/30/2025,,,,,7/7/2025
Tanzanite,10207443,49505,SN0687,2,4/22/2025,0,,,,1,6/30/2025,,,,,7/7/2025
Tanzanite,10207444,49505,SN0688,2,4/22/2025,,,,,,,,,,,6/27/2025
Tanzanite,10207445,49505,SN0689,2,4/22/2025,0,,,,1,6/30/2025,,,,,7/7/2025
Tanzanite,10207446,49505,SN0690,2,4/23/2025,0,,,,1,6/30/2025,,,,,7/7/2025
Tanzanite,10207675,49505,SN0691,2,4/23/2025,,,,,,,,,,,6/27/2025
Tanzanite,10207676,49505,SN0692,2,4/23/2025,0,,,,0,,,,,,7/7/2025
Tanzanite,10207677,49505,SN0693,2,4/23/2025,0,6/3/2025,6/9/2025,6/11/2025,1,,,,,,
Tanzanite,10207678,49505,SN0694,2,4/23/2025,0,,,,2,6/30/2025,,,,,7/7/2025
Tanzanite,10207679,49505,SN0695,2,4/23/2025,0,,,,0,,1,,,,
Tanzanite,10207680,49505,SN0696,2,4/24/2025,0,,,,1,6/30/2025,,,,,7/7/2025
Tanzanite,10207681,49505,SN0697,2,4/24/2025,,,,,,,,,,,6/27/2025
Tanzanite,10207682,49505,SN0698,2,4/24/2025,0,,,,2,6/30/2025,,,,,7/7/2025
Tanzanite,10207683,49505,SN0699,2,4/24/2025,0,,,,3,6/30/2025,,,,,7/7/2025
Tanzanite,10207684,49505,SN0700,2,4/24/2025,,,,,,,,,,,7/10/2025
Tanzanite,10207685,49505,SN0701,2,4/24/2025,0,,,,0,,,,,,7/10/2025
Tanzanite,10207686,49505,SN0702,2,4/25/2025,1,5/5/2025,5/6/2025,5/8/2025,0,,,,,,
Tanzanite,10207687,49505,SN0703,2,4/25/2025,,,,,,,,,,,7/10/2025
Tanzanite,10207688,49505,SN0704,2,4/25/2025,0,,,,0,,,,,,7/10/2025
Tanzanite,10207689,49505,SN0705,2,4/25/2025,,,,,,7/14/2025,,,,,7/14/2025
Tanzanite,10207690,49505,SN0706,2,4/25/2025,,,,,,,,,,,7/10/2025
Tanzanite,10207691,49505,SN0707,2,4/25/2025,,,,,,,,,,,7/10/2025
Tanzanite,10207692,49505,SN0708,2,4/26/2025,,,,,,,,,,,7/10/2025
Tanzanite,10207693,49505,SN0709,2,4/26/2025,,,,,,,,,,,7/10/2025
Tanzanite,10207694,49505,SN0710,2,4/26/2025,0,,,,1,7/14/2025,,,,,7/14/2025
Tanzanite,10207695,49505,SN0711,2,4/26/2025,,,,,,7/14/2025,,,,,7/14/2025
Tanzanite,10207696,49505,SN0712,2,4/26/2025,0,,,,0,,,,,,7/10/2025
Tanzanite,10207697,49505,SN0713,2,4/26/2025,0,,,,3,7/14/2025,,,,,7/14/2025
Tanzanite,10207698,49505,SN0714,2,4/29/2025,,,,,,7/14/2025,,,,,7/14/2025
Tanzanite,10207699,49505,SN0715,2,4/29/2025,0,,,,1,7/14/2025,,,,,7/14/2025
Tanzanite,10207900,49505,SN0716,2,4/29/2025,,,,,,7/14/2025,,,,,7/14/2025
Tanzanite,10207901,49505,SN0717,2,4/29/2025,,,,,,7/14/2025,,,,,7/14/2025
Tanzanite,10207902,49505,SN0718,2,4/29/2025,0,,,,0,,,,,,7/10/2025
Tanzanite,10207903,49505,SN0719,2,4/29/2025,0,,,,1,7/14/2025,,,,,7/14/2025
Tanzanite,10207904,49505,SN0720,2,4/30/2025,,,,,,7/14/2025,,,,,7/14/2025
Tanzanite,10207905,49505,SN0721,2,4/30/2025,0,,,,3,,,,,,7/10/2025
Tanzanite,10207906,49505,SN0722,2,4/30/2025,,,,,,,,,,,
Tanzanite,10207907,49505,SN0723,2,5/1/2025,0,,,,0,,,,,,
Tanzanite,10207908,49505,SN0724,2,5/1/2025,2,5/7/2025,5/12/2025,5/14/2025,0,,,,,,
Tanzanite,10207909,49505,SN0725,2,5/1/2025,,,,,,,,,,,
Tanzanite,10207910,49505,SN0726,2,5/1/2025,0,,,,3,,,,,,
Tanzanite,10207911,49505,SN0727,2,5/1/2025,1,5/8/2025,5/12/2025,5/14/2025,0,,,,,,
Tanzanite,10207912,49505,SN0728,2,5/1/2025,,,,,,,,,,,
Tanzanite,10207913,49505,SN0729,2,5/3/2025,0,,,,0,,,,,,
Tanzanite,10207914,49505,SN0730,2,5/3/2025,,,,,,,,,,,
Tanzanite,10207915,49505,SN0731,2,5/3/2025,,,,,,,,,,,
Tanzanite,10207916,49505,SN0732,2,5/2/2025,1,5/13/2025,5/13/2025,5/15/2025,0,,,,,,
Tanzanite,10207917,49505,SN0733,2,5/2/2025,0,,,,0,,,,,,
Tanzanite,10207918,49505,SN0734,2,5/2/2025,0,,,,0,,,,,,
Tanzanite,10207919,49505,SN0735,2,5/3/2025,1,6/12/2025,6/12/2025,6/16/2025,0,,,,,,
Tanzanite,10207920,49505,SN0736,2,5/3/2025,,6/12/2025,6/12/2025,6/16/2025,,,,,,,
Tanzanite,10207921,49505,SN0737,2,5/3/2025,,5/13/2025,5/15/2025,5/17/2025,,7/14/2025,,,,,7/14/2025
Tanzanite,10207922,49505,SN0738,2,5/3/2025,0,,,,0,,,,,,7/10/2025
Tanzanite,10207923,49505,SN0739,2,5/3/2025,2,5/13/2025,5/15/2025,5/17/2025,0,7/14/2025,,,,,7/14/2025
Tanzanite,10207924,49505,SN0740,2,5/3/2025,,,,,,7/14/2025,,,,,7/14/2025
Tanzanite,10208011,49505,SN0741,2,5/3/2025,0,,,,0,,,,,,
Tanzanite,10208012,49505,SN0742,2,5/3/2025,1,5/13/2025,5/13/2025,5/15/2025,1,7/14/2025,,,,,7/14/2025
Tanzanite,10208013,49505,SN0743,2,5/3/2025,0,,,,1,,,,,,
Tanzanite,10208014,49505,SN0744,2,5/6/2025,1,5/13/2025,5/13/2025,5/15/2025,0,,,,,,
Tanzanite,10208015,49505,SN0745,2,5/6/2025,,,,,,,,,,,
Tanzanite,10208016,49505,SN0746,2,5/6/2025,0,,,,0,,,,,,
Tanzanite,10208017,49505,SN0747,2,5/6/2025,,,,,,,,,,,
Tanzanite,10208018,49505,SN0748,2,5/6/2025,0,,,,0,,,,,,
Tanzanite,10208019,49505,SN0749,2,5/6/2025,0,,,,0,,,,,,
Tanzanite,10208020,49505,SN0750,2,5/7/2025,,,,,,,,,,,
Tanzanite,10208021,49505,SN0751,2,5/7/2025,,,,,,,,,,,
Tanzanite,10208022,49505,SN0752,2,5/7/2025,,,,,,,,,,,
Tanzanite,10208023,49505,SN0753,2,5/7/2025,,,,,,,,,,,
Tanzanite,10208024,49505,SN0754,2,5/7/2025,,,,,,,,,,,
Tanzanite,10208025,49505,SN0755,2,5/7/2025,,,,,,,,,,,
Tanzanite,10208385,49505,SN0756,2,5/8/2025,,,,,,,,,,,
Tanzanite,10208179,49505,SN0757,2,5/10/2025,0,,,,0,,,,,,
Tanzanite,10208180,49505,SN0758,2,5/8/2025,1,5/15/2025,5/15/2025,5/17/2025,0,,,,,,
Tanzanite,10208181,49505,SN0759,2,5/8/2025,,,,,,,,,,,
Tanzanite,10208182,49505,SN0760,2,5/8/2025,1,5/16/2025,5/19/2025,5/21/2025,0,,,,,,
Tanzanite,10208183,49505,SN0761,2,5/8/2025,0,,,,0,,,,,,
Tanzanite,10208184,49505,SN0762,2,5/8/2025,,,,,,,,,,,
Tanzanite,10208185,49505,SN0763,2,5/9/2025,3,5/16/2025,5/20/2025,5/21/2025,0,,,,,,
Tanzanite,10208186,49505,SN0764,2,5/9/2025,,,,,,,,,,,
Tanzanite,10208187,49505,SN0765,2,5/9/2025,0,,,,0,,,,,,
Tanzanite,10208188,49505,SN0766,2,5/10/2025,,,,,,,,,,,
Tanzanite,10208189,49505,SN0767,2,5/10/2025,0,,,,0,,,,,,
Tanzanite,10208190,49505,SN0768,2,5/10/2025,0,,,,0,,,,,,
Tanzanite,10208191,49505,SN0769,2,5/10/2025,0,,,,0,,,,,,
Tanzanite,10208192,49505,SN0770,2,5/10/2025,,,,,,,,,,,
Tanzanite,10208193,49505,SN0771,2,5/10/2025,,,,,,,,,,,
Tanzanite,10208194,49505,SN0772,2,5/10/2025,1,,,,0,,,,,,
Tanzanite,10208195,49505,SN0773,2,5/10/2025,1,,,,0,,,,,,
Tanzanite,10208196,49505,SN0774,2,5/13/2025,,,,,,,,,,,
Tanzanite,10208197,49505,SN0775,2,5/13/2025,0,,,,0,,,,,,
Tanzanite,10208198,49505,SN0776,2,5/13/2025,2,6/19/2025,6/23/2025,7/1/2025,0,,,,,,
Tanzanite,10208199,49505,SN0777,2,5/13/2025,0,,,,0,,,,,,
Tanzanite,10208200,49505,SN0778,2,5/13/2025,,5/19/2025,5/20/2025,5/21/2025,,,,,,,
Tanzanite,10208201,49505,SN0779,2,5/13/2025,,5/22/2025,5/27/2025,5/29/2025,,,,,,,
Tanzanite,10208202,49505,SN0780,2,5/14/2025,0,,,,0,,,,,,
Tanzanite,10208203,49505,SN0781,2,5/28/2025,0,,,,0,,,,,,
Tanzanite,10208405,49505,SN0782,2,5/14/2025,,,,,,,,,,,
Tanzanite,10208406,49505,SN0783,2,5/14/2025,0,5/27/2025,5/27/2025,5/29/2025,0,,,,,,
Tanzanite,10208407,49505,SN0784,2,5/15/2025,,,,,,,,,,,
Tanzanite,10208408,49505,SN0785,2,5/15/2025,0,,,,0,,,,,,
Tanzanite,10208409,49505,SN0786,2,5/15/2025,,,,,,,,,,,
Tanzanite,10208410,49505,SN0787,2,5/15/2025,0,,,,0,,,,,,
Tanzanite,10208411,49505,SN0788,2,5/15/2025,0,,,,0,,,,,,
Tanzanite,10208412,49505,SN0789,2,5/15/2025,,,,,,,,,,,
Tanzanite,10208413,49505,SN0790,2,5/15/2025,,,,,,,,,,,
Tanzanite,10208414,49505,SN0791,2,5/15/2025,0,,,,0,,,,,,
Tanzanite,10208415,49505,SN0792,2,5/15/2025,,,,,,,,,,,
Tanzanite,10208416,49505,SN0793,2,5/16/2025,,,,,,,,,,,
Tanzanite,10208417,49505,SN0794,2,5/16/2025,,,,,,,,,,,
Tanzanite,10208418,49505,SN0795,2,5/16/2025,,,,,,,,,,,
Tanzanite,10208419,49505,SN0796,2,5/28/2025,1,6/2/2025,6/9/2025,6/11/2025,0,,,,,,
Tanzanite,10208420,49505,SN0797,2,5/17/2025,,,,,,,,,,,
Tanzanite,10208421,49505,SN0798,2,5/17/2025,0,,,,0,,,,,,
Tanzanite,10208422,49505,SN0799,2,5/28/2025,,,,,,,,,,,
Tanzanite,10208423,49505,SN0800,2,5/17/2025,0,,,,0,,,,,,
Tanzanite,10208552,49505,SN0801,2,5/28/2025,,,,,,,,,,,
Tanzanite,10208553,49505,SN0802,2,5/28/2025,,,,,,,,,,,
Tanzanite,10208554,49505,SN0803,2,5/28/2025,,6/17/2025,6/23/2025,6/26/2025,,,,,,,
Tanzanite,10208555,49505,SN0804,2,5/29/2025,1,6/4/2025,6/9/2025,6/11/2025,0,,,,,,
Tanzanite,10208556,49505,SN0805,2,5/29/2025,0,,,,0,,,,,,
Tanzanite,10208557,49505,SN0806,2,5/29/2025,1,6/2/2025,6/9/2025,6/11/2025,0,,,,,,
Tanzanite,10208558,49505,SN0807,2,5/29/2025,,,,,,,,,,,
Tanzanite,10208559,49505,SN0808,2,5/29/2025,1,6/26/2025,6/30/2025,7/3/2025,0,,,,,,
Tanzanite,10208560,49505,SN0809,2,5/29/2025,,,,,,,,,,,
Tanzanite,10208561,49505,SN0810,2,5/30/2025,1,6/2/2025,6/9/2025,6/11/2025,0,,,,,,
Tanzanite,10208562,49505,SN0811,2,5/30/2025,,,,,,,,,,,
Tanzanite,10208563,49505,SN0812,2,5/30/2025,,,,,,,,,,,
Tanzanite,10208564,49505,SN0813,2,5/30/2025,,,,,,,,,,,
Tanzanite,10208565,49505,SN0814,2,5/30/2025,,,,,,,,,,,
Tanzanite,10208566,49505,SN0815,2,5/30/2025,1,6/9/2025,6/13/2025,6/17/2025,0,,,,,,
Tanzanite,10208567,49505,SN0816,2,6/2/2025,0,,,,0,,,,,,
Tanzanite,10208568,49505,SN0817,2,6/2/2025,,,,,,,,,,,
Tanzanite,10208569,49505,SN0818,2,6/2/2025,,,,,,,,,,,
Tanzanite,10208570,49505,SN0819,2,6/2/2025,,,,,,,,,,,
Tanzanite,10208571,49505,SN0820,2,6/2/2025,,,,,,,,,,,
Tanzanite,10208756,49505,SN0821,2,6/2/2025,,,,,,,,,,,
Tanzanite,10208757,49505,SN0822,2,6/3/2025,,,,,,,,,,,
Tanzanite,10208758,49505,SN0823,2,6/3/2025,,6/9/2025,6/12/2025,6/16/2025,,,,,,,
Tanzanite,10208759,49505,SN0824,2,6/3/2025,,,,,,,,,,,
Tanzanite,10208760,49505,SN0825,2,6/4/2025,,,,,,,,,,,
Tanzanite,10208761,49505,SN0826,2,6/4/2025,,,,,,,,,,,
Tanzanite,10208762,49505,SN0827,2,6/4/2025,,,,,,,,,,,
Tanzanite,10208763,49505,SN0828,2,6/5/2025,,6/12/2025,6/13/2025,6/17/2025,,,,,,,
Tanzanite,10208764,49505,SN0829,2,6/5/2025,1,6/9/2025,6/23/2025,6/26/2025,0,,,,,,
Tanzanite,10208765,49505,SN0830,2,6/5/2025,1,6/10/2025,6/12/2025,6/16/2025,0,,,,,,
Tanzanite,10208766,49505,SN0831,2,6/5/2025,,,,,,,,,,,
Tanzanite,10208767,49505,SN0832,2,6/5/2025,1,7/9/2025,7/9/2025,7/15/2025,0,,,,,,
Tanzanite,10208768,49505,SN0833,2,6/5/2025,,,,,,,,,,,
Tanzanite,10208769,49505,SN0834,2,6/9/2025,,,,,,,,,,,
Tanzanite,10209129,49505,SN0835,2,6/9/2025,1,7/14/2025,7/14/2025,,0,,,,,,
Tanzanite,10209130,49505,SN0836,2,6/9/2025,,7/15/2025,,,,,,,,,
Tanzanite,10209131,49505,SN0837,2,6/9/2025,,,,,,,,,,,
Tanzanite,10209132,49505,SN0838,2,6/9/2025,0,,,,0,,,,,,
Tanzanite,10209133,49505,SN0839,2,6/9/2025,,,,,,,,,,,
Tanzanite,10209134,49505,SN0840,2,6/10/2025,0,,,,0,,,,,,
Tanzanite,10209135,49505,SN0841,2,6/10/2025,,,,,,,,,,,
Tanzanite,10209136,49505,SN0842,2,6/10/2025,1,6/19/2025,6/23/2025,6/26/2025,0,,,,,,
Tanzanite,10209137,49505,SN0843,2,6/11/2025,1,6/19/2025,6/23/2025,6/26/2025,0,,,,,,
Tanzanite,10209138,49505,SN0844,2,6/11/2025,,6/24/2025,6/27/2025,7/1/2025,,,,,,,
Tanzanite,10209139,49505,SN0845,2,6/11/2025,1,6/19/2025,6/30/2025,7/3/2025,0,,,,,,
Tanzanite,10209140,49505,SN0846,2,6/12/2025,0,7/15/2025,,,0,,,,,,
Tanzanite,10209141,49505,SN0847,2,6/12/2025,,,,,,,,,,,
Tanzanite,10209142,49505,SN0848,2,6/12/2025,,,,,,,,,,,
Tanzanite,10209143,49505,SN0849,2,6/12/2025,0,,,,0,,,,,,
Tanzanite,10209144,49505,SN0850,2,6/12/2025,,,,,,,,,,,
Tanzanite,10209145,49505,SN0851,2,6/12/2025,,,,,,,,,,,
Tanzanite,10209146,49505,SN0852,2,6/13/2025,,,,,,,,,,,
Tanzanite,10209147,49505,SN0853,2,6/13/2025,,,,,,,,,,,
Tanzanite,10209584,49505,SN0854,2,6/13/2025,,,,,,,,,,,
Tanzanite,10209585,49505,SN0855,2,6/13/2025,0,,,,0,,,,,,
Tanzanite,10209586,49505,SN0856,2,6/13/2025,,,,,,,,,,,
Tanzanite,10209587,49505,SN0857,2,6/13/2025,,,,,,,,,,,
Tanzanite,10209588,49505,SN0858,2,6/14/2025,,,,,,,,,,,
Tanzanite,10209589,49505,SN0859,2,6/14/2025,,,,,,,,,,,
Tanzanite,10209590,49505,SN0860,2,6/14/2025,,,,,,,,,,,
Tanzanite,10209591,49505,SN0861,2,6/17/2025,,,,,,,,,,,
Tanzanite,10209592,49505,SN0862,2,6/17/2025,,,,,,,,,,,
Tanzanite,10209593,49505,SN0863,2,6/17/2025,,,,,,,,,,,
Tanzanite,10209594,49505,SN0864,2,6/18/2025,,,,,,,,,,,
Tanzanite,10209595,49505,SN0865,2,6/18/2025,,,,,,,,,,,
Tanzanite,10209596,49505,SN0866,2,6/25/2025,,,,,,,,,,,
Tanzanite,10209597,49505,SN0867,2,6/18/2025,,,,,,,,,,,
Tanzanite,10209598,49505,SN0868,2,6/19/2025,0,,,,0,,,,,,
Tanzanite,10209599,49505,SN0869,2,6/19/2025,,,,,,,,,,,
Tanzanite,10209600,49505,SN0870,2,6/19/2025,,,,,,,,,,,
Tanzanite,10209601,49505,SN0871,2,6/19/2025,0,,,,0,,,,,,
Tanzanite,10209602,49505,SN0872,2,6/19/2025,,,,,,,,,,,
Tanzanite,10209603,49505,SN0873,2,6/19/2025,,,,,,,,,,,
Tanzanite,10209604,49505,SN0874,2,6/20/2025,,,,,,,,,,,
Tanzanite,10209605,49505,SN0875,2,6/20/2025,1,,,,0,,,,,,
Tanzanite,10209606,49505,SN0876,2,6/24/2025,1,7/2/2025,7/7/2025,7/9/2025,0,,,,,,
Tanzanite,10210572,49505,SN0877,2,6/24/2025,,7/2/2025,7/7/2025,7/9/2025,,,,,,,
Tanzanite,10210573,49505,SN0878,2,6/24/2025,,,,,,,,,,,
Tanzanite,10210574,49505,SN0879,2,6/25/2025,,,,,,,,,,,
Tanzanite,10210575,49505,SN0880,2,6/25/2025,,,,,,,,,,,
Tanzanite,10210576,49505,SN0881,2,6/25/2025,1,7/2/2025,7/7/2025,,0,,,,,,
Tanzanite,10210577,49505,SN0882,2,6/26/2025,1,7/2/2025,7/7/2025,7/9/2025,0,,,,,,
Tanzanite,10210578,49505,SN0883,2,6/26/2025,,,,,,,,,,,
Tanzanite,10210579,49505,SN0884,2,6/26/2025,,7/8/2025,,,,,,,,,
Tanzanite,10210580,49505,SN0885,2,6/26/2025,0,,,,0,,,,,,
Tanzanite,10210581,49505,SN0886,2,6/26/2025,1,7/3/2025,7/7/2025,7/9/2025,0,,,,,,
Tanzanite,10210582,49505,SN0887,2,6/26/2025,1,7/3/2025,7/7/2025,7/9/2025,0,,,,,,
Tanzanite,10210583,49505,SN0888,2,6/27/2025,,,,,,,,,,,
Tanzanite,10210584,49505,SN0889,2,6/27/2025,2,,,,0,,,,,,
Tanzanite,10210585,49505,SN0890,2,6/27/2025,,,,,,,,,,,
Tanzanite,10210586,49505,SN0891,2,6/27/2025,,,,,,,,,,,
Tanzanite,10210587,49505,SN0892,2,6/27/2025,,,,,,,,,,,
Tanzanite,10210588,49505,SN0893,2,6/27/2025,,,,,,,,,,,
Tanzanite,10210589,49505,SN0894,2,6/27/2025,,,,,,,,,,,
Tanzanite,10210590,49505,SN0895,2,6/27/2025,0,,,,0,,,,,,
Tanzanite,10210591,49505,SN0896,2,7/1/2025,,,,,,,,,,,
Tanzanite,10210592,49505,SN0897,2,7/1/2025,,,,,,,,,,,
Tanzanite,10210593,49505,SN0898,2,7/1/2025,,,,,,,,,,,
Tanzanite,10210594,49505,SN0899,2,7/2/2025,,,,,,,,,,,
Tanzanite,10210595,49505,SN0900,2,7/2/2025,,,,,,,,,,,
Tanzanite,10210596,49505,SN0901,2,7/2/2025,,,,,,,,,,,
Tanzanite,10210801,49505,SN0902,2,7/3/2025,0,,,,0,,,,,,
Tanzanite,10210802,49505,SN0903,2,7/3/2025,1,,,,0,,,,,,
Tanzanite,10210803,49505,SN0904,2,7/3/2025,,,,,,,,,,,
Tanzanite,10210804,49505,SN0905,2,7/3/2025,,,,,,,,,,,
Tanzanite,10210805,49505,SN0906,2,7/8/2025,0,,,,0,,,,,,
Tanzanite,10210806,49505,SN0907,2,7/3/2025,,,,,,,,,,,
Tanzanite,10210807,49505,SN0908,2,7/3/2025,,,,,,,,,,,
Tanzanite,10210808,49505,SN0909,2,7/8/2025,,,,,,,,,,,
Tanzanite,10210809,49505,SN0910,2,7/8/2025,,,,,,,,,,,
Tanzanite,10210810,49505,SN0911,2,7/9/2025,1,,,,0,,,,,,
Tanzanite,10210811,49505,SN0912,2,7/9/2025,,,,,,,,,,,
Tanzanite,10210812,49505,SN0913,2,7/9/2025,0,,,,0,,,,,,
Tanzanite,10210813,49505,SN0914,2,7/9/2025,1,7/14/2025,,,0,,,,,,
Tanzanite,10210814,49505,SN0915,2,7/9/2025,0,,,,0,,,,,,
Tanzanite,10210815,49505,SN0916,2,7/9/2025,,,,,,,,,,,
Tanzanite,10210816,49505,SN0917,2,7/10/2025,,,,,,,,,,,
Tanzanite,10210817,49505,SN0918,2,7/10/2025,,,,,,,,,,,
Tanzanite,10210818,49505,SN0919,2,7/10/2025,,,,,,,,,,,
Tanzanite,10210819,49505,SN0920,2,7/10/2025,0,,,,0,,,,,,
Tanzanite,10210820,49505,SN0921,2,7/10/2025,,,,,,,,,,,
Tanzanite,10210821,49505,SN0922,2,7/10/2025,1,,,,0,,,,,,
Tanzanite,10210822,49505,SN0923,2,,,,,,,,,,,,
Tanzanite,10210823,49505,SN0924,2,,,,,,,,,,,,
Tanzanite,10210824,49505,SN0925,2,,,,,,,,,,,,
Tanzanite,10210825,49505,SN0926,2,,,,,,,,,,,,
Tanzanite,10210826,49505,SN0927,2,,,,,,,,,,,,
Tanzanite,10210827,49505,SN0928,2,,,,,,,,,,,,
Tanzanite,10210828,49505,SN0929,2,,,,,,,,,,,,
Tanzanite,10210829,49505,SN0930,2,7/11/2025,,,,,,,,,,,
Tanzanite,10210830,49505,SN0931,2,7/11/2025,1,,,,0,,,,,,
Tanzanite,10210831,49505,SN0932,2,7/11/2025,,,,,,,,,,,
Tanzanite,10210832,49505,SN0933,2,7/11/2025,,,,,,,,,,,
Tanzanite,10210833,49505,SN0934,2,7/11/2025,,,,,,,,,,,
Tanzanite,10210834,49505,SN0935,2,7/11/2025,,,,,,,,,,,
Tanzanite,10210835,49505,SN0936,2,7/16/2025,,,,,,,,,,,
Tanzanite,10211232,49505,SN0937,2,7/16/2025,,,,,,,,,,,
Tanzanite,10211233,49505,SN0938,2,7/16/2025,,,,,,,,,,,
Tanzanite,10211234,49505,SN0939,2,7/16/2025,,,,,,,,,,,
Tanzanite,10211235,49505,SN0940,2,7/16/2025,,,,,,,,,,,
Tanzanite,10211236,49505,SN0941,2,7/16/2025,,,,,,,,,,,
Tanzanite,10211237,49505,SN0942,2,,,,,,,,,,,,
Tanzanite,10211238,49505,SN0943,2,,,,,,,,,,,,
Tanzanite,10211239,49505,SN0944,2,,,,,,,,,,,,
Tanzanite,10211240,49505,SN0945,2,,,,,,,,,,,,
Tanzanite,10211241,49505,SN0946,2,,,,,,,,,,,,
Tanzanite,10211242,49505,SN0947,2,,,,,,,,,,,,
Tanzanite,10211243,49505,SN0948,2,,,,,,,,,,,,
Tanzanite,10211244,49505,SN0949,2,,,,,,,,,,,,
Tanzanite,10211245,49505,SN0950,2,,,,,,,,,,,,
Tanzanite,10211246,49505,SN0951,2,,,,,,,,,,,,
Tanzanite,10211247,49505,SN0952,2,,,,,,,,,,,,
Tanzanite,10211248,49505,SN0953,2,,,,,,,,,,,,
Tanzanite,10211249,49505,SN0954,2,,,,,,,,,,,,
Tanzanite,10211250,49505,SN0955,2,,,,,,,,,,,,
Tanzanite,10211251,49505,SN0956,2,,,,,,,,,,,,
Tanzanite,10211252,49505,SN0957,2,,,,,,,,,,,,
Tanzanite,10211253,49505,SN0958,2,,,,,,,,,,,,
Tanzanite,10211254,49505,SN0959,2,,,,,,,,,,,,
Tanzanite,10211255,49505,SN0960,2,,,,,,,,,,,,
Tanzanite,10211256,49505,SN0961,2,,,,,,,,,,,,
Tanzanite,10211257,49505,SN0962,2,,,,,,,,,,,,
Tanzanite,10211258,49505,SN0963,2,,,,,,,,,,,,
Tanzanite,10211259,49505,SN0964,2,,,,,,,,,,,,
Sapphire,10194288,049238-001,SN0001,5,11/20/2023,2,,1/15/2024,1/17/2024,2,,0,,,,
Sapphire,10194289,049238-001,SN0002,5,11/20/2023,0,,,,3,,0,,,,
Sapphire,10194290,049238-001,SN0003,5,11/20/2023,3,,1/17/2024,1/18/2024,23,,2,,,,
Sapphire,10194291,049238-001,SN0004,5,11/22/2023,0,,,,3,,0,,,,
Sapphire,10194292,049238-001,SN0005,5,11/22/2023,0,,,,13,,0,,,,
Sapphire,10194293,049238-001,SN0006,5,11/22/2023,0,,,,9,,0,,,,
Sapphire,10194294,049238-001,SN0007,5,11/28/2023,0,,,,10,,0,,,,
Sapphire,10194295,049238-001,SN0008,5,11/28/2023,3,,1/19/2024,1/20/2024,2,,2,,,,
Sapphire,10194296,049238-001,SN0009,5,11/28/2023,2,,1/15/2024,1/17/2024,12,,0,,,,
Sapphire,10194297,049238-001,SN0010,5,11/29/2023,2,,1/16/2024,1/17/2024,1,,0,,,,
Sapphire,10194298,049238-001,SN0011,5,11/29/2023,2,,1/15/2024,1/17/2024,1,,0,,,,
Sapphire,10194299,049238-001,SN0012,5,11/29/2023,0,,,,2,,0,,,,
Sapphire,10194300,049238-001,SN0013,5,11/30/2023,0,,,,6,,0,,,,
Sapphire,10194301,049238-001,SN0014,5,11/30/2023,0,,,,14,,0,,,,
Sapphire,10194302,049238-001,SN0015,5,11/30/2023,0,,,,16,,0,,,,
Sapphire,10194303,049238-001,SN0016,5,12/2/2023,0,,,,15,,0,,,,
Sapphire,10194304,049238-001,SN0017,5,12/2/2023,2,,1/17/2024,1/18/2024,13,,0,,,,
Sapphire,10194305,049238-001,SN0018,5,12/2/2023,2,,1/15/2024,1/17/2024,16,,0,,,,
Sapphire,10194306,049238-001,SN0019,5,12/2/2023,0,,,,8,,0,,,,
Sapphire,10194307,049238-001,SN0020,5,12/2/2023,0,,,,16,,0,,,,
Sapphire,10194308,049238-001,SN0021,5,12/2/2023,0,,,,9,,0,,,,
Sapphire,10194309,049238-001,SN0022,5,12/3/2023,0,,,,6,,0,,,,
Sapphire,10194310,049238-001,SN0023,5,12/3/2023,0,,,,1,,0,,,,
Sapphire,10194311,049238-001,SN0024,5,12/3/2023,0,,,,4,,0,,,,
Sapphire,10194312,049238-001,SN0025,5,12/5/2023,2,,1/16/2024,1/17/2024,2,,0,,,,
Sapphire,10194313,049238-001,SN0026,5,12/5/2023,1,,1/15/2024,1/17/2024,7,,0,,,,
Sapphire,10194314,049238-001,SN0027,5,12/5/2023,0,,,,0,,0,,,,
Sapphire,10194315,049238-001,SN0028,5,12/7/2023,1,,1/17/2024,1/18/2024,1,,0,,,,
Sapphire,10194316,049238-001,SN0029,5,12/7/2023,0,,,,2,,0,,,,
Sapphire,10194317,049238-001,SN0030,5,12/7/2023,1,,1/17/2024,1/18/2024,1,,0,,,,
Sapphire,10194318,049238-001,SN0031,5,12/7/2023,0,,,,7,,0,,,,
Sapphire,10194319,049238-001,SN0032,5,12/7/2023,0,,1/18/2024,,2,,0,,,,
Sapphire,10194320,049238-001,SN0033,5,12/7/2023,0,,1/25/2024,1/27/2024,6,,0,,,,
Sapphire,10194321,049238-001,SN0034,5,12/8/2023,1,,2/23/2024,2/26/2024,0,,2,,,,
Sapphire,10194322,049238-001,SN0035,5,12/8/2023,1,,1/16/2024,1/17/2024,6,,0,,,,
Sapphire,10194323,049238-001,SN0036,5,12/8/2023,1,,1/17/2024,1/18/2024,5,,0,,,,
Sapphire,10194324,049238-001,SN0037,5,12/9/2023,1,,2/23/2024,2/26/2024,2,,1,,,,
Sapphire,10194325,049238-001,SN0038,5,12/9/2023,1,,2/24/2024,2/26/2024,11,,1,,,,
Sapphire,10194326,049238-001,SN0039,5,12/9/2023,1,,2/23/2024,2/26/2024,12,,2,,,,
Sapphire,10194327,049238-001,SN0040,5,12/12/2023,0,,,,3,,0,,,,
Sapphire,10194328,049238-001,SN0041,5,12/12/2023,0,,1/18/2024,1/20/2024,8,,1,,,,
Sapphire,10194329,049238-001,SN0042,5,12/12/2023,4,,1/18/2024,1/20/2024,1,,4,,,,
Sapphire,10194330,049238-001,SN0043,5,12/13/2023,0,,,,5,,0,,,,
Sapphire,10194331,049238-001,SN0044,5,12/13/2023,1,,2/24/2024,2/26/2024,3,,1,,,,
Sapphire,10194332,049238-001,SN0045,5,12/13/2023,0,,,,1,,0,,,,
Sapphire,10194333,049238-001,SN0046,5,12/15/2023,0,,,,1,,0,,,,
Sapphire,10194334,049238-001,SN0047,5,12/15/2023,0,,,,8,,0,,,,
Sapphire,10194335,049238-001,SN0048,5,12/15/2023,0,,,,0,,0,,,,
Sapphire,10194336,049238-001,SN0049,5,12/16/2023,0,,,,1,,0,,,,
Sapphire,10194337,049238-001,SN0050,5,12/16/2023,0,,,,0,,0,,,,
Sapphire,10194338,049238-001,SN0051,5,12/29/2023,0,,,,6,,0,,,,
Sapphire,10194339,049238-001,SN0052,5,12/29/2023,1,,1/18/2024,1/20/2024,0,,2,,,,
Sapphire,10194340,049238-001,SN0053,5,12/29/2023,1,,2/23/2024,2/26/2024,3,,1,,,,
Sapphire,10194341,049238-001,SN0054,5,12/29/2023,0,,,,3,,0,,,,
Sapphire,10194342,049238-001,SN0055,5,12/29/2023,0,,,,2,,0,,,,
Sapphire,10194343,049238-001,SN0056,5,12/29/2023,0,,,,1,,0,,,,
Sapphire,10194344,049238-001,SN0057,5,1/3/2024,0,,,,4,,0,,,,
Sapphire,10194345,049238-001,SN0058,5,1/3/2024,0,,,,4,,0,,,,
Sapphire,10194346,049238-001,SN0059,5,1/3/2024,0,,,,10,,0,,,,
Sapphire,10194347,049238-001,SN0060,5,1/3/2024,0,,,,4,,0,,,,
Sapphire,10194348,049238-001,SN0061,5,1/3/2024,0,,1/18/2024,,3,,0,,,,
Sapphire,10194349,049238-001,SN0062,5,1/3/2024,0,,1/20/2024,1/20/2024,3,,0,,,,
Sapphire,10194350,049238-001,SN0063,5,1/5/2024,1,,2/24/2024,2/26/2024,4,,1,,,,
Sapphire,10194351,049238-001,SN0064,5,1/5/2024,0,,,,9,,0,,,,
Sapphire,10194352,049238-001,SN0065,5,1/5/2024,2,,2/23/2024,2/26/2024,0,,2,,,,
Sapphire,10194353,049238-001,SN0066,5,1/6/2024,0,,,,11,,0,,,,
Sapphire,10194354,049238-001,SN0067,5,1/6/2024,2,,2/24/2024,2/26/2024,9,,2,,,,
Sapphire,10194355,049238-001,SN0068,5,1/6/2024,0,,,,6,,0,,,,
Sapphire,10195606,049238-001,SN0069,5,2/5/2024,1,,2/15/2024,2/17/2024,3,,1,,,,
Sapphire,10195607,049238-001,SN0070,5,2/5/2024,0,,,,3,,0,,,,
Sapphire,10195608,049238-001,SN0071,5,2/5/2024,0,,,,8,,0,,,,
Sapphire,10195609,049238-001,SN0072,5,2/5/2024,0,,,,3,,0,,,,
Sapphire,10195610,049238-001,SN0073,5,2/5/2024,3,,2/29/2024,3/2/2024,1,,2,,,,
Sapphire,10195611,049238-001,SN0074,5,2/5/2024,0,,,,0,,0,,,,
Sapphire,10195612,049238-001,SN0075,5,2/6/2024,0,,,,11,,0,,,,
Sapphire,10195613,049238-001,SN0076,5,2/6/2024,2,,2/15/2024,2/17/2024,7,,0,,,,
Sapphire,10195614,049238-001,SN0077,5,2/6/2024,0,,,,5,,0,,,,
Sapphire,10195615,049238-001,SN0078,5,2/6/2024,2,,2/12/2024,2/14/2024,8,,0,,,,
Sapphire,10195616,049238-001,SN0079,5,2/6/2024,0,,,,4,,0,,,,
Sapphire,10195617,049238-001,SN0080,5,2/6/2024,0,,,,15,,0,,,,
Sapphire,10195618,049238-001,SN0081,5,2/8/2024,0,,,,2,,0,,,,
Sapphire,10195619,049238-001,SN0082,5,2/8/2024,0,,,,9,,0,,,,
Sapphire,10195620,049238-001,SN0083,5,2/8/2024,2,,2/15/2024,2/17/2024,4,,0,,,,
Sapphire,10195621,049238-001,SN0084,5,2/8/2024,2,,2/12/2024,2/14/2024,3,,0,,,,
Sapphire,10195622,049238-001,SN0085,5,2/8/2024,0,,,,2,,0,,,,
Sapphire,10195623,049238-001,SN0086,5,2/8/2024,0,,2/12/2024,2/14/2024,5,,0,,,,
Sapphire,10195624,049238-001,SN0087,5,2/10/2024,3,,2/12/2024,2/14/2024,4,,4,,,,
Sapphire,10195625,049238-001,SN0088,5,2/10/2024,0,,,,6,,0,,,,
Sapphire,10195626,049238-001,SN0089,5,2/10/2024,0,,,,3,,0,,,,
Sapphire,10195627,049238-001,SN0090,5,2/12/2024,1,,2/15/2024,2/17/2024,6,,1,,,,
Sapphire,10195628,049238-001,SN0091,5,2/12/2024,0,,,,2,,0,,,,
Sapphire,10195629,049238-001,SN0092,5,2/12/2024,1,,4/5/2024,3/29/2024,8,,1,,,,
Sapphire,10195630,049238-001,SN0093,5,2/13/2024,0,,,,0,,0,,,,
Sapphire,10195631,049238-001,SN0094,5,2/13/2024,1,,2/15/2024,2/17/2024,4,,1,,,,
Sapphire,10195632,049238-001,SN0095,5,2/13/2024,0,,3/29/2024,3/30/2024,4,,1,,,,
Sapphire,10195633,049238-001,SN0096,5,2/13/2024,0,,,,2,,0,,,,
Sapphire,10195634,049238-001,SN0097,5,2/13/2024,0,,,,4,,0,,,,
Sapphire,10195635,049238-001,SN0098,5,2/13/2024,0,,,,2,,0,,,,
Sapphire,10195636,049238-001,SN0099,5,2/15/2024,0,,,,9,,0,,,,
Sapphire,10195637,049238-001,SN0100,5,2/15/2024,1,,4/3/2024,3/29/2024,15,,1,,,,
Sapphire,10195638,049238-001,SN0101,5,2/15/2024,0,,,,17,,0,,,,
Sapphire,10195639,049238-001,SN0102,5,2/15/2024,0,,,,8,,0,,,,
Sapphire,10195640,049238-001,SN0103,5,2/15/2024,0,,,,6,,0,,,,
Sapphire,10195641,049238-001,SN0104,5,2/15/2024,1,,3/28/2024,3/29/2024,18,,1,,,,
Sapphire,10195642,049238-001,SN0105,5,2/17/2024,0,,,,5,,0,,,,
Sapphire,10195643,049238-001,SN0106,5,2/17/2024,0,,,,3,,0,,,,
Sapphire,10195644,049238-001,SN0107,5,2/17/2024,0,,,,2,,0,,,,
Sapphire,10195645,049238-001,SN0108,5,2/17/2024,0,,,,11,,0,,,,
Sapphire,10195646,049238-001,SN0109,5,2/17/2024,3,,2/29/2024,3/2/2024,2,,0,,,,
Sapphire,10195647,049238-001,SN0110,5,2/17/2024,0,,,,1,,0,,,,
Sapphire,10195648,049238-001,SN0111,5,2/20/2024,1,,3/30/2024,4/1/2024,4,,1,,,,
Sapphire,10195649,049238-001,SN0112,5,2/20/2024,0,,,,11,,0,,,,
Sapphire,10195651,049238-001,SN0113,5,2/20/2024,2,,3/30/2024,4/1/2024,4,,0,,,,
Sapphire,10195652,049238-001,SN0114,5,2/21/2024,0,,,,7,,0,,,,
Sapphire,10195653,049238-001,SN0115,5,2/21/2024,0,,,,6,,0,,,,
Sapphire,10195654,049238-001,SN0116,5,2/21/2024,0,,,,2,,0,,,,
Sapphire,10195655,049238-001,SN0117,5,2/22/2024,1,,3/1/2024,3/2/2024,6,,0,,,,
Sapphire,10195656,049238-001,SN0118,5,2/22/2024,0,,,,4,,0,,,,
Sapphire,10195657,049238-001,SN0119,5,2/22/2024,1,,3/1/2024,3/2/2024,9,,0,,,,
Sapphire,10195658,049238-001,SN0120,5,2/26/2024,1,,3/1/2024,3/2/2024,2,,1,,,,
Sapphire,10195659,049238-001,SN0121,5,2/26/2024,0,,,,4,,0,,,,
Sapphire,10195661,049238-001,SN0122,5,2/26/2024,0,,,,0,,,,,,
Sapphire,10195662,049238-001,SN0123,5,2/24/2024,0,,,,4,,0,,,,
Sapphire,10195663,049238-001,SN0124,5,2/24/2024,0,,,,0,,,,,,
Sapphire,10195664,049238-001,SN0125,5,2/24/2024,1,,2/29/2024,3/2/2024,2,,0,,,,
Sapphire,10195665,049238-001,SN0126,5,2/27/2024,0,,,,6,,0,,,,
Sapphire,10195666,049238-001,SN0127,5,2/27/2024,0,,,,11,,0,,,,
Sapphire,10195667,049238-001,SN0128,5,2/27/2024,0,,,,9,,0,,,,
Sapphire,10195668,049238-001,SN0129,5,2/28/2024,1,,3/2/2024,3/4/2024,20,,0,,,,
Sapphire,10195669,049238-001,SN0130,5,2/28/2024,1,,3/2/2024,3/4/2024,32,,0,,,,
Sapphire,10195670,049238-001,SN0131,5,2/28/2024,2,,2/29/2024,3/2/2024,22,,0,,,,
Sapphire,10195671,049238-001,SN0132,5,2/29/2024,4,,3/2/2024,3/4/2024,13,,0,,,,
Sapphire,10195672,049238-001,SN0133,5,2/29/2024,0,,,,5,,0,,,,
Sapphire,10195673,049238-001,SN0134,5,2/29/2024,0,,,,6,,0,,,,
Sapphire,10195674,049238-001,SN0135,5,2/29/2024,1,,3/2/2024,3/4/2024,5,,0,,,,
Sapphire,10195675,049238-001,SN0136,5,2/29/2024,0,,,,4,,0,,,,
Sapphire,10196762,049238-001,SN0137,5,2/29/2024,0,,,,7,,0,,,,
Sapphire,10196763,049238-001,SN0138,5,3/2/2024,1,,3/7/2024,3/11/2024,1,,0,,,,
Sapphire,10196764,049238-001,SN0139,5,3/2/2024,2,,3/14/2024,3/16/2024,2,,0,,,,
Sapphire,10196765,049238-001,SN0140,5,3/2/2024,0,,,,12,,0,,,,
Sapphire,10196766,049238-001,SN0141,5,3/2/2024,0,,,,4,,0,,,,
Sapphire,10196767,049238-001,SN0142,5,3/4/2024,0,,,,2,,0,,,,
Sapphire,10196768,049238-001,SN0143,5,3/4/2024,0,,,,5,,0,,,,
Sapphire,10196769,049238-001,SN0144,5,3/5/2024,1,,3/14/2024,3/16/2024,2,,0,,,,
Sapphire,10196770,049238-001,SN0145,5,3/5/2024,0,,,,2,,0,,,,
Sapphire,10196771,049238-001,SN0146,5,3/5/2024,0,,5/2/2024,5/4/2024,1,,1,,,,
Sapphire,10196772,049238-001,SN0147,5,3/5/2024,0,,,,0,,0,,,,
Sapphire,10196773,049238-001,SN0148,5,3/5/2024,1,,3/7/2024,3/8/2024,4,,0,,,,
Sapphire,10196774,049238-001,SN0149,5,3/5/2024,2,,3/7/2024,3/8/2024,1,,0,,,,
Sapphire,10196775,049238-001,SN0150,5,3/6/2024,11,,3/7/2024,3/8/2024,0,,1,,,,
Sapphire,10196776,049238-001,SN0151,5,3/6/2024,0,,,,1,,0,,,,
Sapphire,10196777,049238-001,SN0152,5,3/6/2024,1,,3/16/2024,3/18/2024,4,,0,,,,
Sapphire,10196778,049238-001,SN0153,5,3/7/2024,0,,,,1,,0,,,,
Sapphire,10196779,049238-001,SN0154,5,3/7/2024,0,,,,6,,0,,,,
Sapphire,10196780,049238-001,SN0155,5,3/7/2024,0,,,,4,,0,,,,
Sapphire,10196781,049238-001,SN0156,5,3/8/2024,2,,3/11/2024,3/12/2024,1,,0,,,,
Sapphire,10196782,049238-001,SN0157,5,3/8/2024,2,,3/11/2024,3/12/2024,0,,0,,,,
Sapphire,10196783,049238-001,SN0158,5,3/8/2024,0,,,,1,,0,,,,
Sapphire,10196784,049238-001,SN0159,5,3/9/2024,0,,,,2,,0,,,,
Sapphire,10196785,049238-001,SN0160,5,3/9/2024,0,,,,7,,0,,,,
Sapphire,10196786,049238-001,SN0161,5,3/9/2024,0,,,,5,,0,,,,
Sapphire,10196787,049238-001,SN0162,5,3/14/2024,1,,4/18/2024,4/20/2024,3,,,,,,
Sapphire,10196788,049238-001,SN0163,5,3/14/2024,0,,3/16/2024,3/18/2024,7,,1,,,,
Sapphire,10196789,049238-001,SN0164,5,3/14/2024,1,,4/18/2024,4/20/2024,4,,0,,,,
Sapphire,10196790,049238-001,SN0165,5,3/15/2024,1,,4/18/2024,4/20/2024,1,,1,,,,
Sapphire,10196791,049238-001,SN0166,5,3/15/2024,0,,,,2,,0,,,,
Sapphire,10196792,049238-001,SN0167,5,3/15/2024,2,,3/16/2024,3/18/2024,5,,1,,,,
Sapphire,10196793,049238-001,SN0168,5,3/16/2024,1,,4/18/2024,4/20/2024,2,,0,,,,
Sapphire,10196794,049238-001,SN0169,5,3/16/2024,0,,,,2,,0,,,,
Sapphire,10196795,049238-001,SN0170,5,3/16/2024,0,,,,5,,0,,,,
Sapphire,10196796,049238-001,SN0171,5,3/16/2024,0,,,,3,,0,,,,
Sapphire,10196797,049238-001,SN0172,5,3/16/2024,0,,,,7,,0,,,,
Sapphire,10196798,049238-001,SN0173,5,3/16/2024,0,,,,3,,0,,,,
Sapphire,10196799,049238-001,SN0174,5,3/18/2024,1,,3/28/2024,3/30/2024,6,,0,,,,
Sapphire,10196800,049238-001,SN0175,5,3/18/2024,0,,,,11,,0,,,,
Sapphire,10196801,049238-001,SN0176,5,3/18/2024,0,,,,9,,0,,,,
Sapphire,10196802,049238-001,SN0177,5,3/19/2024,3,,3/29/2024,4/1/2024,8,,0,,,,
Sapphire,10196803,049238-001,SN0178,5,3/19/2024,0,,,,12,,0,,,,
Sapphire,10196804,049238-001,SN0179,5,3/19/2024,0,,,,6,,0,,,,
Sapphire,10196805,049238-001,SN0180,5,3/19/2024,0,,,,8,,0,,,,
Sapphire,10196806,049238-001,SN0181,5,3/19/2024,0,,,,4,,0,,,,
Sapphire,10196807,049238-001,SN0182,5,3/19/2024,0,,,,7,,0,,,,
Sapphire,10196808,049238-001,SN0183,5,3/20/2024,0,,,,3,,0,,,,
Sapphire,10196809,049238-001,SN0184,5,3/20/2024,0,,,,5,,,,,,
Sapphire,10196810,049238-001,SN0185,5,3/20/2024,0,,,,6,,0,,,,
Sapphire,10196811,049238-001,SN0186,5,3/21/2024,0,,,,1,,0,,,,
Sapphire,10196812,049238-001,SN0187,5,3/21/2024,0,,,,8,,0,,,,
Sapphire,10196813,049238-001,SN0188,5,3/21/2024,0,,,,7,,0,,,,
Sapphire,10196814,049238-001,SN0189,5,3/22/2024,1,,5/13/2024,5/15/2024,0,,,,,,
Sapphire,10196815,049238-001,SN0190,5,3/22/2024,0,,,,0,,0,,,,
Sapphire,10196816,049238-001,SN0191,5,3/22/2024,4,,3/29/2024,4/1/2024,3,,0,,,,
Sapphire,10196817,049238-001,SN0192,5,3/22/2024,2,,5/13/2024,5/11/2024,3,,1,,,,
Sapphire,10196818,049238-001,SN0193,5,3/22/2024,0,,,,1,,0,,,,
Sapphire,10196819,049238-001,SN0194,5,3/22/2024,0,,,,0,,,,,,
Sapphire,10196820,049238-001,SN0195,5,3/26/2024,,,,,,,,,,,
Sapphire,10196821,049238-001,SN0196,5,3/26/2024,1,,,,0,,,,,,
Sapphire,10196822,049238-001,SN0197,5,3/26/2024,,,,,,,,,,,
Sapphire,10196823,049238-001,SN0198,5,3/23/2024,0,,,,5,,0,,,,
Sapphire,10196824,049238-001,SN0199,5,3/23/2024,0,,3/29/2024,4/1/2024,4,,2,,,,
Sapphire,10196825,049238-001,SN0200,5,3/23/2024,0,,,,2,,0,,,,
Sapphire,10196826,049238-001,SN0201,5,4/4/2024,0,,,,3,,0,,,,
Sapphire,10196827,049238-001,SN0202,5,4/4/2024,0,,,,4,,0,,,,
Sapphire,10196828,049238-001,SN0203,5,4/4/2024,0,,,,0,,0,,,,
Sapphire,10196829,049238-001,SN0204,5,4/4/2024,2,,5/10/2024,5/13/2024,13,,2,,,,
Sapphire,10197503,049238-001,SN0205,5,4/4/2024,1,,5/22/2024,5/11/2024,0,,0,,,,
Sapphire,10197504,049238-001,SN0206,5,4/4/2024,1,,5/10/2024,5/13/2024,8,,3,,,,
Sapphire,10197505,049238-001,SN0207,5,4/5/2024,2,,5/13/2024,5/16/2024,10,,2,,,,
Sapphire,10197506,049238-001,SN0208,5,4/5/2024,0,,,,5,,0,,,,
Sapphire,10197507,049238-001,SN0209,5,4/5/2024,0,,,,4,,0,,,,
Sapphire,10197508,049238-001,SN0210,5,4/15/2024,0,,,,1,,0,,,,
Sapphire,10197509,049238-001,SN0211,5,4/6/2024,0,,,,2,,0,,,,
Sapphire,10197510,049238-001,SN0212,5,4/6/2024,1,,5/10/2024,5/13/2024,3,,4,,,,
Sapphire,10197511,049238-001,SN0213,5,4/8/2024,0,,,,7,,0,,,,
Sapphire,10197512,049238-001,SN0214,5,4/8/2024,0,,,,2,,0,,,,
Sapphire,10197513,049238-001,SN0215,5,4/8/2024,0,,,,6,,0,,,,
Sapphire,10197514,049238-001,SN0216,5,4/9/2024,1,,5/28/2024,5/30/2024,2,,0,,,,
Sapphire,10197515,049238-001,SN0217,5,4/9/2024,0,,,,0,,0,,,,
Sapphire,10197516,049238-001,SN0218,5,4/9/2024,0,,,,2,,0,,,,
Sapphire,10197517,049238-001,SN0219,5,4/9/2024,0,,,,2,,0,,,,
Sapphire,10197518,049238-001,SN0220,5,4/9/2024,0,,,,0,,0,,,,
Sapphire,10197519,049238-001,SN0221,5,4/9/2024,0,,,,0,,0,,,,
Sapphire,10197520,049238-001,SN0222,5,4/10/2024,0,,4/22/2024,4/24/2024,0,,1,,,,
Sapphire,10197521,049238-001,SN0223,5,4/10/2024,0,,,,1,,0,,,,
Sapphire,10197522,049238-001,SN0224,5,4/10/2024,3,,4/18/2024,4/24/2024,2,,0,,,,
Sapphire,10197523,049238-001,SN0225,5,4/16/2024,5,,4/25/2024,4/27/2024,3,,0,,,,
Sapphire,10197524,049238-001,SN0226,5,4/11/2024,2,,4/23/2024,4/24/2024,1,,0,,,,
Sapphire,10197525,049238-001,SN0227,5,4/11/2024,1,,5/30/2024,6/1/2024,3,,1,,,,
Sapphire,10197526,049238-001,SN0228,5,4/11/2024,0,,5/28/2024,6/3/2024,0,,1,,,,
Sapphire,10197527,049238-001,SN0229,5,4/12/2024,0,,,,7,,0,,,,
Sapphire,10197528,049238-001,SN0230,5,4/12/2024,0,,4/22/2024,4/24/2024,0,,2,,,,
Sapphire,10197529,049238-001,SN0231,5,4/12/2024,0,,6/1/2024,6/3/2024,0,,1,,,,
Sapphire,10197530,049238-001,SN0232,5,4/13/2024,0,,6/1/2024,6/3/2024,0,,1,,,,
Sapphire,10197531,049238-001,SN0233,5,4/13/2024,0,,,,3,,0,,,,
Sapphire,10197532,049238-001,SN0234,5,4/13/2024,2,,4/25/2024,4/27/2024,1,,,,,,
Sapphire,10197533,049238-001,SN0235,5,4/13/2024,,,,,,,,,,,
Sapphire,10197534,049238-001,SN0236,5,4/13/2024,0,,,,0,,,,,,
Sapphire,10197535,049238-001,SN0237,5,4/13/2024,1,,,,6,,0,,,,
Sapphire,10197536,049238-001,SN0238,5,4/16/2024,0,,,,9,,0,,,,
Sapphire,10197537,049238-001,SN0239,5,4/16/2024,1,,5/4/2024,5/6/2024,2,,0,,,,
Sapphire,10197538,049238-001,SN0240,5,4/16/2024,0,,,,8,,0,,,,
Sapphire,10197539,049238-001,SN0241,5,4/16/2024,0,,,,4,,0,,,,
Sapphire,10197540,049238-001,SN0242,5,4/16/2024,0,,,,1,,0,,,,
Sapphire,10197541,049238-001,SN0243,5,4/17/2024,0,,5/30/2024,6/3/2024,0,,1,,,,
Sapphire,10197542,049238-001,SN0244,5,4/17/2024,3,,4/22/2024,4/24/2024,3,,0,,,,
Sapphire,10197543,049238-001,SN0245,5,4/17/2024,0,,4/25/2024,4/27/2024,0,,3,,,,
Sapphire,10197544,049238-001,SN0246,5,4/18/2024,0,,5/28/2024,5/30/2024,0,,2,,,,
Sapphire,10197545,049238-001,SN0247,5,4/18/2024,0,,5/30/2024,6/1/2024,6,,2,,,,
Sapphire,10197546,049238-001,SN0248,5,4/18/2024,0,,,,1,,0,,,,
Sapphire,10197547,049238-001,SN0249,5,4/19/2024,,,,,,,,,,,
Sapphire,10197548,049238-001,SN0250,5,4/19/2024,0,,,,0,,0,,,,
Sapphire,10197549,049238-001,SN0251,5,4/19/2024,0,,,,8,,0,,,,
Sapphire,10197550,049238-001,SN0252,5,4/19/2024,1,,6/12/2024,6/13/2024,6,,0,,,,
Sapphire,10197551,049238-001,SN0253,5,4/19/2024,1,,5/2/2024,5/4/2024,0,,,,,,
Sapphire,10197552,049238-001,SN0254,5,4/19/2024,,,,,,,,,,,
Sapphire,10197553,049238-001,SN0255,5,4/22/2024,0,,,,2,,0,,,,
Sapphire,10197554,049238-001,SN0256,5,4/22/2024,0,,,,9,,0,,,,
Sapphire,10197555,049238-001,SN0257,5,4/22/2024,2,,5/2/2024,5/4/2024,0,,,,,,
Sapphire,10197556,049238-001,SN0258,5,4/23/2024,,,,,,,,,,,
Sapphire,10197557,049238-001,SN0259,5,4/23/2024,0,,,,3,,0,,,,
Sapphire,10197558,049238-001,SN0260,5,4/23/2024,6,,5/3/2024,5/6/2024,1,,,,,,
Sapphire,10197559,049238-001,SN0261,5,4/24/2024,0,,,,2,,0,,,,
Sapphire,10197560,049238-001,SN0262,5,4/24/2024,0,,,,1,,,,,,
Sapphire,10197561,049238-001,SN0263,5,4/24/2024,0,,,,4,,0,,,,
Sapphire,10197562,049238-001,SN0264,5,4/24/2024,1,,5/4/2024,5/6/2024,1,,,,,,
Sapphire,10197563,049238-001,SN0265,5,4/24/2024,0,,,,5,,0,,,,
Sapphire,10197332,049238-001,SN0265,5,,,,,,,,,,,,
Sapphire,10197564,049238-001,SN0266,5,4/24/2024,0,,,,2,,,,,,
Sapphire,10197565,049238-001,SN0267,5,4/25/2024,0,,,,3,,0,,,,
Sapphire,10197566,049238-001,SN0268,5,4/25/2024,0,,,,0,,,,,,
Sapphire,10197567,049238-001,SN0269,5,4/25/2024,0,,,,4,,0,,,,
Sapphire,10197568,049238-001,SN0270,5,4/27/2024,1,,5/4/2024,5/6/2024,12,,0,,,,
Sapphire,10197569,049238-001,SN0271,5,4/27/2024,0,,,,7,,0,,,,
Sapphire,10197570,049238-001,SN0272,5,4/27/2024,0,,,,3,,,,,,
Sapphire,10198382,049238-001,SN0273,5,4/27/2024,3,,5/3/2024,5/6/2024,7,,0,,,,
Sapphire,10198383,049238-001,SN0274,5,4/27/2024,0,,,,4,,0,,,,
Sapphire,10198384,049238-001,SN0275,5,4/27/2024,0,,,,2,,,,,,
Sapphire,10198385,049238-001,SN0276,5,4/30/2024,0,,,,3,,0,,,,
Sapphire,10198386,049238-001,SN0277,5,4/30/2024,1,,6/12/2024,6/13/2024,4,,0,,,,
Sapphire,10198387,049238-001,SN0278,5,4/30/2024,4,,5/4/2024,5/6/2024,9,,0,,,,
Sapphire,10198388,049238-001,SN0279,5,4/30/2024,0,,,,6,,0,,,,
Sapphire,10198389,049238-001,SN0280,5,4/30/2024,0,,,,2,,,,,,
Sapphire,10198390,049238-001,SN0281,5,4/30/2024,0,,,,9,,0,,,,
Sapphire,10198391,049238-001,SN0282,5,5/2/2024,0,,,,15,,0,,,,
Sapphire,10198392,049238-001,SN0283,5,5/2/2024,1,,5/4/2024,5/6/2024,10,,,,,,
Sapphire,10198393,049238-001,SN0284,5,5/2/2024,1,,5/9/2024,5/8/2024,11,,0,,,,
Sapphire,10198394,049238-001,SN0285,5,5/2/2024,1,,5/6/2024,5/8/2024,1,,0,,,,
Sapphire,10198395,049238-001,SN0286,5,5/2/2024,2,,6/12/2024,6/14/2024,8,,0,,,,
Sapphire,10198396,049238-001,SN0287,5,5/2/2024,0,,,,5,,0,,,,
Sapphire,10198397,049238-001,SN0288,5,5/3/2024,0,,,,9,,0,,,,
Sapphire,10198398,049238-001,SN0289,5,5/3/2024,1,,5/7/2024,5/8/2024,2,,0,,,,
Sapphire,10198399,049238-001,SN0290,5,5/3/2024,0,,5/7/2024,5/8/2024,2,,,,,,
Sapphire,10198400,049238-001,SN0291,5,5/4/2024,0,,,,1,,0,,,,
Sapphire,10198401,049238-001,SN0292,5,5/4/2024,1,,6/20/2024,6/22/2024,4,,0,,,,
Sapphire,10198402,049238-001,SN0293,5,5/4/2024,0,,,,5,,0,,,,
Sapphire,10198403,049238-001,SN0294,5,5/4/2024,0,,,,2,,,,,,
Sapphire,10198404,049238-001,SN0295,5,5/4/2024,1,,6/20/2024,6/22/2024,3,,,,,,
Sapphire,10198405,049238-001,SN0296,5,5/4/2024,0,,,,5,,,,,,
Sapphire,10198406,049238-001,SN0297,5,5/6/2024,0,,,,8,,0,,,,
Sapphire,10198407,049238-001,SN0298,5,5/6/2024,0,,,,2,,,,,,
Sapphire,10198408,049238-001,SN0299,5,5/6/2024,0,,,,4,,0,,,,
Sapphire,10198409,049238-001,SN0300,5,5/7/2024,0,,,,2,,0,,,,
Sapphire,10198410,049238-001,SN0301,5,5/7/2024,0,,,,3,,0,,,,
Sapphire,10198411,049238-001,SN0302,5,5/7/2024,2,,6/21/2024,6/24/2024,1,,0,,,,
Sapphire,10198412,049238-001,SN0303,5,5/7/2024,1,,6/20/2024,6/22/2024,4,,0,,,,
Sapphire,10198413,049238-001,SN0304,5,5/7/2024,0,,,,2,,0,,,,
Sapphire,10198414,049238-001,SN0305,5,5/7/2024,0,,,,3,,0,,,,
Sapphire,10198415,049238-001,SN0306,5,5/8/2024,0,,,,3,,0,,,,
Sapphire,10198416,049238-001,SN0307,5,5/8/2024,1,,6/20/2024,6/22/2024,8,,0,,,,
Sapphire,10198417,049238-001,SN0308,5,5/8/2024,0,,,,2,,0,,,,
Sapphire,10198418,049238-001,SN0309,5,5/9/2024,1,,6/20/2024,6/22/2024,6,,,,,,
Sapphire,10198419,049238-001,SN0310,5,5/9/2024,0,,,,4,,0,,,,
Sapphire,10198420,049238-001,SN0311,5,5/9/2024,0,,,,3,,0,,,,
Sapphire,10198421,049238-001,SN0312,5,5/10/2024,0,,,,27,,0,,,,
Sapphire,10198422,049238-001,SN0313,5,5/10/2024,0,,,,7,,0,,,,
Sapphire,10198423,049238-001,SN0314,5,5/10/2024,0,,,,16,,0,,,,
Sapphire,10198424,049238-001,SN0315,5,5/10/2024,2,,6/7/2024,6/10/2024,1,,,,,,
Sapphire,10198425,049238-001,SN0316,5,5/10/2024,0,,,,9,,0,,,,
Sapphire,10198426,049238-001,SN0317,5,5/10/2024,0,,,,3,,0,,,,
Sapphire,10198427,049238-001,SN0318,5,5/13/2024,1,,6/20/2024,6/22/2024,6,,0,,,,
Sapphire,10198428,049238-001,SN0319,5,5/13/2024,3,,6/8/2024,6/10/2024,1,,0,,,,
Sapphire,10198429,049238-001,SN0320,5,5/13/2024,0,,,,12,,0,,,,
Sapphire,10198430,049238-001,SN0321,5,5/15/2024,0,,,,2,,0,,,,
Sapphire,10198431,049238-001,SN0322,5,5/15/2024,0,,,,5,,0,,,,
Sapphire,10198432,049238-001,SN0323,5,5/15/2024,2,,6/20/2024,6/22/2024,7,,0,,,,
Sapphire,10198433,049238-001,SN0324,5,5/15/2024,2,,6/21/2024,6/24/2024,4,,0,,,,
Sapphire,10198434,049238-001,SN0325,5,5/15/2024,0,,,,2,,0,,,,
Sapphire,10198435,049238-001,SN0326,5,5/15/2024,0,,,,1,,0,,,,
Sapphire,10198436,049238-001,SN0327,5,5/17/2024,,,,,,,,,,,
Sapphire,10198437,049238-001,SN0328,5,5/17/2024,1,,7/9/2024,7/10/2024,0,,0,,,,
Sapphire,10198438,049238-001,SN0329,5,5/17/2024,0,,,,3,,0,,,,
Sapphire,10198439,049238-001,SN0330,5,5/17/2024,3,,7/9/2024,7/10/2024,1,,0,,,,
Sapphire,10198440,049238-001,SN0331,5,5/17/2024,1,,7/9/2024,7/10/2024,1,,,,,,
Sapphire,10198441,049238-001,SN0332,5,5/17/2024,0,,,,2,,,,,,
Sapphire,10198442,049238-001,SN0333,5,5/18/2024,0,,,,0,,0,,,,
Sapphire,10198443,049238-001,SN0334,5,5/18/2024,0,,,,3,,0,,,,
Sapphire,10198444,049238-001,SN0335,5,5/18/2024,0,,,,3,,0,,,,
Sapphire,10198445,049238-001,SN0336,5,5/21/2024,1,,7/9/2024,7/10/2024,7,,0,,,,
Sapphire,10198446,049238-001,SN0337,5,5/21/2024,0,,,,6,,0,,,,
Sapphire,10198447,049238-001,SN0338,5,5/21/2024,2,,7/9/2024,7/10/2024,7,,0,,,,
Sapphire,10199652,049238-001,SN0339,5,6/7/2024,0,,,,2,,0,,,,
Sapphire,10199653,049238-001,SN0340,5,6/7/2024,1,,7/25/2024,7/26/2024,0,,0,,,,
Sapphire,10199654,049238-001,SN0341,5,6/7/2024,0,,,,5,,0,,,,
Sapphire,10209218,049238-001,SN0342,2,6/20/2025,,,,,,,,,,,
Sapphire,10209219,049238-001,SN0343,2,6/25/2025,,7/8/2025,7/14/2025,,,,,,,,
Sapphire,10209220,049238-001,SN0344,2,6/25/2025,,,,,,,,,,,
Sapphire,10209221,049238-001,SN0345,2,6/27/2025,,,,,,,,,,,
Sapphire,10209222,049238-001,SN0346,2,7/3/2025,0,7/8/2025,7/14/2025,,0,,,,,,
Sapphire,10209223,049238-001,SN0347,2,6/28/2025,1,7/15/2025,,,0,,,,,,
Sapphire,10209224,049238-001,SN0348,2,6/28/2025,,,,,,,,,,,
Sapphire,10209225,049238-001,SN0349,2,7/1/2025,,,,,,,,,,,
Sapphire,10209226,049238-001,SN0350,2,7/1/2025,,,,,,,,,,,
Sapphire,10209227,049238-001,SN0351,2,7/3/2025,1,7/15/2025,,,0,,,,,,
Sapphire,10209228,049238-001,SN0352,2,7/3/2025,,,,,,,,,,,
Sapphire,10209229,049238-001,SN0353,2,7/9/2025,,,,,,,,,,,
Sapphire,10209230,049238-001,SN0354,2,7/3/2025,,,,,,,,,,,
Sapphire,10209231,049238-001,SN0355,2,7/8/2025,1,,,,0,,,,,,
Sapphire,10209232,049238-001,SN0356,2,7/8/2025,,,,,,,,,,,
Sapphire,10209233,049238-001,SN0357,2,7/9/2025,,,,,,,,,,,
Sapphire,10209234,049238-001,SN0358,2,7/11/2025,,,,,,,,,,,
Sapphire,10209235,049238-001,SN0359,2,7/11/2025,0,,,,0,,,,,,
Sapphire,10209236,049238-001,SN0360,2,7/11/2025,,,,,,,,,,,
Sapphire,10209237,049238-001,SN0361,2,7/14/2025,,,,,,,,,,,
Sapphire,10209238,049238-001,SN0362,2,7/14/2025,,,,,,,,,,,
Sapphire,10209239,049238-001,SN0363,2,7/14/2025,,,,,,,,,,,
Sapphire,10209240,049238-001,SN0364,2,,,,,,,,,,,,
Sapphire,10209241,049238-001,SN0365,2,7/15/2025,,,,,,,,,,,
Sapphire,10209242,049238-001,SN0366,2,7/15/2025,,,,,,,,,,,
Sapphire,10209243,049238-001,SN0367,2,7/15/2025,,,,,,,,,,,
Sapphire,10209244,049238-001,SN0368,2,,,,,,,,,,,,
Sapphire,10209245,049238-001,SN0369,2,,,,,,,,,,,,
Sapphire,10209246,049238-001,SN0370,2,,,,,,,,,,,,
Sapphire,10209247,049238-001,SN0371,2,,,,,,,,,,,,
Sapphire,10209248,049238-001,SN0372,2,,,,,,,,,,,,
Sapphire,10209249,049238-001,SN0373,2,,,,,,,,,,,,
Sapphire,10209250,049238-001,SN0374,2,,,,,,,,,,,,
Sapphire,10209251,049238-001,SN0375,2,,,,,,,,,,,,
Sapphire,10209252,049238-001,SN0376,2,,,,,,,,,,,,
Sapphire,10209253,049238-001,SN0377,2,,,,,,,,,,,,
Sapphire,10209254,049238-001,SN0378,2,,,,,,,,,,,,
Sapphire,10209255,049238-001,SN0379,2,,,,,,,,,,,,
Sapphire,10209256,049238-001,SN0380,2,,,,,,,,,,,,
